{"type":"FeatureCollection","crs":{"type":"name","properties":{"name":"urn:ogc:def:crs:OGC:1.3:CRS84"}},"features":[{"type":"Feature","properties":{"code":"023","name":"Turkana","sourceName":"Turkana","shapeID":"32016919B72266624462344","level":"county","source":"geoBoundaries gbOpen KEN ADM1 (RCMRD GeoPortal)","license":"geoBoundaries gbOpen — underlying source Public Domain; cite geoBoundaries (CC BY 4.0 citation requested)","classification":"official","approximate":false},"geometry":{"type":"Polygon","coordinates":[[[36.05061,4.45622],[35.93885,4.58436],[35.81215,4.78241],[35.82681,5.11235],[35.83381,5.12191],[35.84651,5.13961],[35.85118,5.14718],[35.85898,5.15418],[35.86141,5.16236],[35.86412,5.18254],[35.85265,5.20367],[35.83866,5.21133],[35.82819,5.23679],[35.83024,5.2623],[35.84266,5.27244],[35.84799,5.27991],[35.86017,5.29123],[35.8641,5.30162],[35.86203,5.31355],[35.85984,5.32088],[35.85351,5.32198],[35.84071,5.33411],[35.82238,5.33521],[35.819,5.34163],[35.80549,5.3471],[35.79545,5.34449],[35.79055,5.34539],[35.78246,5.35486],[35.77708,5.35334],[35.77303,5.35619],[35.77518,5.34829],[35.76951,5.35067],[35.75904,5.3561],[35.75528,5.36162],[35.75514,5.36695],[35.75086,5.37332],[35.74572,5.37361],[35.73863,5.37509],[35.73734,5.37264],[35.7294,5.37332],[35.72492,5.37299],[35.7214,5.37366],[35.7224,5.38627],[35.71721,5.38465],[35.71659,5.39117],[35.70755,5.39012],[35.70103,5.39131],[35.68942,5.38513],[35.68204,5.38598],[35.677,5.38575],[35.66591,5.38732],[35.65449,5.38846],[35.65373,5.39336],[35.64825,5.38917],[35.63888,5.38613],[35.63217,5.38232],[35.61804,5.38051],[35.62027,5.39246],[35.61609,5.39522],[35.61666,5.40392],[35.60995,5.40254],[35.605,5.39864],[35.59496,5.40421],[35.59253,5.41078],[35.55983,5.42292],[35.29179,5.43065],[34.36576,4.57663],[34.03901,4.18745],[34.06702,4.14217],[34.06401,4.09322],[34.09313,4.06871],[34.09035,4.0376],[34.06196,4.00937],[34.09558,3.98652],[34.13439,3.96165],[34.11944,3.90205],[34.09124,3.88557],[34.09263,3.86023],[34.12784,3.87223],[34.16721,3.8703],[34.17538,3.87998],[34.21556,3.88155],[34.22539,3.83083],[34.17952,3.83165],[34.15317,3.80722],[34.15922,3.80174],[34.17074,3.80052],[34.18808,3.79187],[34.16532,3.77394],[34.18848,3.77195],[34.22585,3.78312],[34.22899,3.77458],[34.24554,3.78426],[34.26724,3.74737],[34.30775,3.71241],[34.30257,3.68611],[34.306,3.69012],[34.31009,3.69589],[34.31276,3.70153],[34.31431,3.71324],[34.31713,3.71971],[34.33598,3.7316],[34.36992,3.73507],[34.39978,3.70618],[34.42488,3.68797],[34.46303,3.66959],[34.45649,3.57874],[34.44537,3.51085],[34.4235,3.49152],[34.39073,3.49274],[34.39109,3.48286],[34.41667,3.45052],[34.40968,3.41794],[34.40063,3.37131],[34.43829,3.30792],[34.4517,3.24097],[34.45519,3.20074],[34.4607,3.17429],[34.48275,3.16478],[34.49474,3.14146],[34.54759,3.13881],[34.57547,3.09925],[34.57739,3.02332],[34.58942,2.98198],[34.64014,2.90762],[34.66941,2.86359],[34.69267,2.86293],[34.70893,2.87394],[34.73212,2.85824],[34.74932,2.82578],[34.76661,2.82256],[34.78122,2.76814],[34.78378,2.74286],[34.78948,2.68399],[34.83019,2.62069],[34.85194,2.58355],[34.87814,2.57274],[34.89304,2.59324],[34.9043,2.54917],[34.93182,2.51661],[34.94728,2.47268],[34.95116,2.45817],[34.94082,2.45311],[35.00997,2.40347],[35.01335,2.40768],[35.00871,2.42473],[35.01488,2.42847],[35.01989,2.44019],[35.01612,2.45456],[34.99968,2.47024],[34.99701,2.47866],[35.00445,2.50687],[35.01242,2.56181],[35.02157,2.56826],[35.0296,2.54298],[35.04431,2.51688],[35.06615,2.46369],[35.07974,2.46816],[35.10098,2.4883],[35.10741,2.51054],[35.10921,2.52575],[35.10807,2.53447],[35.10452,2.54753],[35.10763,2.5602],[35.11612,2.60188],[35.12762,2.62302],[35.13235,2.64892],[35.13705,2.64602],[35.16054,2.64824],[35.19822,2.59185],[35.22493,2.52992],[35.22027,2.48749],[35.2317,2.44139],[35.22332,2.41205],[35.23213,2.35122],[35.24543,2.34152],[35.27114,2.31973],[35.29804,2.27069],[35.31834,2.18942],[35.34032,2.12503],[35.36198,2.04423],[35.37494,1.99218],[35.37917,1.94801],[35.37186,1.94378],[35.36895,1.93411],[35.44166,1.8519],[35.44556,1.8493],[35.4497,1.84505],[35.45338,1.84441],[35.46067,1.84277],[35.46555,1.83966],[35.46855,1.83084],[35.46856,1.82582],[35.46565,1.81813],[35.4693,1.81711],[35.46702,1.81118],[35.46354,1.80817],[35.46992,1.80379],[35.47763,1.79557],[35.48045,1.79343],[35.48554,1.79111],[35.49105,1.7889],[35.50078,1.77717],[35.50992,1.76389],[35.54218,1.76647],[35.55533,1.76237],[35.57583,1.75531],[35.5933,1.75248],[35.60519,1.75596],[35.61376,1.74842],[35.62135,1.74542],[35.62728,1.74711],[35.65681,1.73803],[35.66984,1.72432],[35.69788,1.70814],[35.71668,1.70777],[35.75433,1.67655],[35.76241,1.67092],[35.77407,1.66819],[35.79194,1.66362],[36.17396,1.17086],[36.34037,0.99313],[36.34525,0.98625],[36.35007,0.96613],[36.35435,0.9638],[36.36241,0.96346],[36.36683,0.95589],[36.37739,0.95394],[36.38306,0.95126],[36.38925,0.94125],[36.38747,0.93378],[36.39206,0.91877],[36.41782,0.93691],[36.44267,0.97107],[36.43956,1.00252],[36.44578,0.9998],[36.4582,0.97729],[36.45704,0.98621],[36.45315,0.99747],[36.44156,1.04287],[36.4438,1.05532],[36.44405,1.07326],[36.43882,1.08074],[36.43882,1.10191],[36.4448,1.11337],[36.4428,1.11985],[36.43882,1.13231],[36.43558,1.14302],[36.44006,1.16146],[36.43857,1.17765],[36.42885,1.18164],[36.42387,1.18264],[36.41565,1.18463],[36.40792,1.17965],[36.39223,1.17317],[36.38998,1.1789],[36.39148,1.18438],[36.39472,1.19011],[36.39497,1.19808],[36.39397,1.21378],[36.39796,1.22399],[36.40344,1.22723],[36.40942,1.22898],[36.41415,1.22648],[36.42163,1.2367],[36.4134,1.25962],[36.40717,1.25688],[36.40393,1.2514],[36.39646,1.25539],[36.38774,1.26336],[36.39098,1.26959],[36.39497,1.27681],[36.40419,1.27258],[36.41589,1.27482],[36.4301,1.26734],[36.43857,1.26136],[36.44629,1.25115],[36.45351,1.26161],[36.45078,1.27258],[36.43807,1.28877],[36.43458,1.29301],[36.43782,1.30272],[36.4306,1.30123],[36.41938,1.2945],[36.40767,1.30123],[36.40344,1.30048],[36.39571,1.30795],[36.39447,1.31692],[36.40568,1.31892],[36.40992,1.32415],[36.41615,1.33137],[36.41963,1.33461],[36.42063,1.34582],[36.42611,1.34782],[36.43508,1.35205],[36.44878,1.36501],[36.45576,1.36775],[36.46572,1.38743],[36.46647,1.39864],[36.46099,1.40338],[36.45351,1.40188],[36.44729,1.4121],[36.43832,1.4121],[36.43159,1.4101],[36.42661,1.40985],[36.42686,1.41509],[36.42113,1.41558],[36.4154,1.42156],[36.40892,1.42829],[36.39547,1.44],[36.38027,1.4415],[36.36881,1.439],[36.35834,1.4395],[36.35112,1.43875],[36.32272,1.4679],[36.31051,1.4699],[36.29406,1.46342],[36.28634,1.46691],[36.28983,1.47363],[36.29755,1.48833],[36.29382,1.50204],[36.29481,1.51275],[36.29805,1.53467],[36.312,1.55062],[36.32545,1.56657],[36.33692,1.57155],[36.3409,1.5708],[36.35785,1.5708],[36.36183,1.57529],[36.36058,1.58351],[36.35959,1.59023],[36.36681,1.59572],[36.3723,1.59223],[36.37404,1.57803],[36.36955,1.55934],[36.37205,1.54788],[36.37927,1.53318],[36.385,1.52272],[36.39547,1.52421],[36.40269,1.5429],[36.40992,1.56108],[36.41764,1.56632],[36.42237,1.57155],[36.42636,1.58326],[36.43109,1.59796],[36.43682,1.60942],[36.44255,1.61814],[36.44878,1.61789],[36.45551,1.6139],[36.46547,1.61465],[36.46199,1.61913],[36.46572,1.62636],[36.46772,1.63134],[36.46896,1.63832],[36.46846,1.65252],[36.47195,1.66323],[36.47893,1.66846],[36.47793,1.67743],[36.48366,1.68865],[36.48566,1.69463],[36.4864,1.70434],[36.50085,1.70858],[36.49936,1.71755],[36.50484,1.72577],[36.50559,1.73125],[36.51854,1.74097],[36.51381,1.74844],[36.52527,1.75492],[36.52153,1.76663],[36.51879,1.7594],[36.51306,1.75841],[36.51381,1.76314],[36.50883,1.76563],[36.51107,1.76663],[36.5178,1.77335],[36.51431,1.77859],[36.52079,1.78506],[36.51854,1.79129],[36.52477,1.79727],[36.5295,1.80524],[36.51929,1.80599],[36.51406,1.82244],[36.51181,1.82692],[36.51929,1.82493],[36.52153,1.82941],[36.51754,1.83539],[36.52004,1.85208],[36.51207,1.84959],[36.50982,1.85956],[36.51157,1.8765],[36.51754,1.87924],[36.51929,1.88223],[36.52452,1.88671],[36.52652,1.89095],[36.53524,1.89494],[36.53524,1.90042],[36.53399,1.90665],[36.53648,1.91711],[36.53947,1.92658],[36.53798,1.93679],[36.53498,1.94626],[36.53848,1.95697],[36.53449,1.96345],[36.52652,1.95349],[36.53773,1.97117],[36.54196,1.98886],[36.54019,2.00674],[36.54648,2.01719],[36.54468,2.02486],[36.54485,2.0305],[36.54925,2.03148],[36.55566,2.04884],[36.55995,2.04985],[36.56509,2.07907],[36.56354,2.09858],[36.57911,2.1208],[36.58787,2.14651],[36.59864,2.15353],[36.61244,2.16218],[36.61938,2.16128],[36.65628,2.17337],[36.68176,2.19337],[36.70078,2.19884],[36.70053,2.2088],[36.71131,2.22439],[36.7091,2.23767],[36.71376,2.25231],[36.70731,2.25974],[36.71066,2.26627],[36.72282,2.27501],[36.72342,2.29213],[36.72371,2.30097],[36.60089,2.40574],[36.5849,2.40739],[36.57448,2.40437],[36.56482,2.40046],[36.55128,2.39926],[36.54035,2.40458],[36.53076,2.43148],[36.52462,2.46538],[36.52551,2.48443],[36.52927,2.50016],[36.52847,2.52222],[36.52228,2.53331],[36.49232,2.57503],[36.47092,2.60942],[36.45177,2.6122],[36.44142,2.62487],[36.43676,2.63355],[36.43329,2.65179],[36.4324,2.6779],[36.44516,2.7018],[36.43077,2.71405],[36.41984,2.73592],[36.41754,2.76199],[36.41005,2.77438],[36.38597,2.81843],[36.3789,2.83832],[36.35877,2.86077],[36.31905,2.87476],[36.28981,2.88762],[36.26896,2.9078],[36.26057,2.93374],[36.25694,2.96048],[36.25278,2.96439],[36.25359,2.95445],[36.24658,2.94912],[36.23015,2.95644],[36.22391,2.95553],[36.21666,2.95867],[36.19133,2.96834],[36.17035,2.96839],[36.15213,2.96901],[36.13364,2.96698],[36.1352,2.97256],[36.13205,2.97752],[36.12933,2.98077],[36.12405,2.98734],[36.1326,3.01131],[36.13738,3.02955],[36.14284,3.05605],[36.13972,3.06377],[36.14297,3.07468],[36.15323,3.08584],[36.15051,3.09596],[36.15242,3.13159],[36.14352,3.14887],[36.14182,3.14841],[36.15258,3.18988],[36.15355,3.21691],[36.14766,3.22404],[36.14474,3.2127],[36.1408,3.20928],[36.12285,3.21399],[36.1133,3.22135],[36.08815,3.22624],[36.05209,3.24057],[36.05061,4.45622]]]}},{"type":"Feature","properties":{"code":"010","name":"Marsabit","sourceName":"Marsabit","shapeID":"32016919B63496705134089","level":"county","source":"geoBoundaries gbOpen KEN ADM1 (RCMRD GeoPortal)","license":"geoBoundaries gbOpen — underlying source Public Domain; cite geoBoundaries (CC BY 4.0 citation requested)","classification":"official","approximate":false},"geometry":{"type":"Polygon","coordinates":[[[36.60089,2.40574],[36.60505,2.39813],[36.619,2.39981],[36.62051,2.41239],[36.63027,2.4129],[36.63723,2.4068],[36.63791,2.39183],[36.64336,2.40578],[36.64487,2.41825],[36.6507,2.41941],[36.66108,2.43031],[36.68435,2.45793],[36.69535,2.45464],[36.69946,2.45821],[36.70337,2.47904],[36.7022,2.49755],[36.70436,2.5132],[36.7079,2.50835],[36.73935,2.515],[36.75245,2.5165],[36.84352,2.27476],[36.89285,2.19749],[36.90303,2.15667],[36.91275,2.10003],[36.91825,2.08347],[36.9191,2.05256],[36.91576,2.01802],[36.92437,2.01671],[36.95001,2.02511],[37.03685,1.98251],[37.12094,1.97609],[37.1509,1.96792],[37.17953,1.95918],[37.18692,1.93555],[37.21067,1.91439],[37.21986,1.90704],[37.23888,1.8923],[37.24448,1.88268],[37.26598,1.87876],[37.35055,1.74214],[37.4692,1.55429],[37.56118,1.39396],[37.5696,1.38882],[37.57711,1.37992],[37.57943,1.36528],[37.58937,1.37909],[37.59618,1.38972],[37.59984,1.38963],[37.60669,1.37615],[37.61794,1.3781],[37.6226,1.38369],[37.63345,1.3892],[37.64674,1.39916],[37.65471,1.4003],[37.66042,1.39813],[37.67054,1.39954],[37.68364,1.39896],[37.71853,1.40746],[37.73673,1.4074],[37.75529,1.41185],[37.76842,1.41396],[37.77492,1.41214],[37.78209,1.41963],[37.79358,1.41413],[37.8055,1.41748],[37.81698,1.42292],[37.8315,1.42507],[37.84437,1.42745],[37.84642,1.43557],[37.84936,1.44664],[37.85212,1.45906],[37.94529,1.26288],[38.38317,1.76128],[38.95419,2.10622],[38.93801,2.17679],[38.93833,2.21482],[38.92907,2.26194],[38.92609,2.28411],[38.93143,2.34577],[38.93474,2.37276],[38.93056,2.39513],[38.91447,2.44083],[38.90231,2.47831],[38.89387,2.51296],[38.88861,2.54265],[38.9767,2.56691],[39.04342,2.67602],[39.03621,2.68687],[39.03677,2.69201],[39.04827,2.70415],[39.05247,2.72648],[39.06599,2.73758],[39.11182,2.88335],[39.12356,2.93132],[39.1338,2.93622],[39.14741,2.95283],[39.20217,2.95691],[39.24942,2.99587],[39.28933,3.0353],[39.34676,3.07008],[39.33831,3.27737],[39.32818,3.28866],[39.30173,3.42658],[39.30453,3.45582],[39.30307,3.47469],[39.28125,3.47896],[39.25962,3.47488],[39.24954,3.47692],[39.22723,3.48313],[39.19309,3.48002],[39.19027,3.4941],[39.16904,3.49447],[39.15226,3.50213],[39.15275,3.51125],[39.14247,3.51212],[39.13179,3.51276],[39.08836,3.54129],[39.07906,3.53302],[39.07255,3.53001],[39.06107,3.52811],[39.04747,3.52519],[39.03799,3.53006],[39.02271,3.52547],[39.01998,3.51403],[39.01331,3.51917],[39.00731,3.5248],[39.00008,3.52111],[38.97883,3.52126],[38.96405,3.52362],[38.95736,3.51438],[38.90434,3.50587],[38.83806,3.52739],[38.71147,3.57117],[38.69262,3.6051],[38.68228,3.62018],[38.67632,3.60425],[38.66538,3.58722],[38.59923,3.59992],[38.55714,3.61503],[38.53428,3.64919],[38.51571,3.64462],[38.52234,3.62222],[38.44759,3.59758],[38.14719,3.6071],[38.12815,3.60076],[38.03378,3.68415],[37.91837,3.76855],[37.79902,3.84955],[37.65185,3.95033],[37.58512,3.99867],[37.42774,4.10766],[37.42033,4.11125],[37.13198,4.29377],[37.09049,4.34309],[37.07187,4.34952],[37.06377,4.3526],[37.0553,4.3657],[37.04772,4.37623],[37.03218,4.38574],[37.02046,4.37191],[37.00906,4.38047],[36.98709,4.39254],[36.97952,4.39588],[36.95832,4.3982],[36.90834,4.42512],[36.84259,4.44996],[36.66033,4.44187],[36.62521,4.4541],[36.26267,4.45086],[36.23184,4.45124],[36.04982,4.05662],[36.07495,3.22726],[36.10352,3.22132],[36.11758,3.21924],[36.1317,3.21112],[36.14341,3.21014],[36.14225,3.21614],[36.15158,3.22139],[36.15438,3.21121],[36.1408,3.15375],[36.14404,3.14617],[36.14787,3.1435],[36.15294,3.11586],[36.15341,3.09145],[36.14882,3.07576],[36.1413,3.07298],[36.14203,3.06077],[36.14132,3.03701],[36.13691,3.01463],[36.12764,3.00278],[36.12399,2.97952],[36.12904,2.97397],[36.13673,2.97917],[36.13268,2.96855],[36.1384,2.96935],[36.16373,2.9667],[36.17875,2.96616],[36.20112,2.96169],[36.22221,2.95487],[36.22416,2.95857],[36.23379,2.95691],[36.25203,2.95188],[36.25453,2.95886],[36.2537,2.96516],[36.25968,2.94712],[36.26548,2.92326],[36.28164,2.89121],[36.29832,2.88705],[36.34457,2.86279],[36.36568,2.85098],[36.38506,2.82719],[36.39454,2.79974],[36.41182,2.76886],[36.42012,2.74548],[36.42706,2.71967],[36.44588,2.70515],[36.43526,2.6876],[36.43475,2.66992],[36.43645,2.64271],[36.44041,2.62941],[36.4459,2.62094],[36.46227,2.6093],[36.47305,2.60051],[36.51298,2.56069],[36.52283,2.52671],[36.52786,2.50798],[36.52652,2.49375],[36.52764,2.47439],[36.52271,2.44837],[36.53768,2.40776],[36.54673,2.4031],[36.5591,2.39707],[36.56646,2.40488],[36.5775,2.40715],[36.59072,2.4141],[36.60089,2.40574]]]}},{"type":"Feature","properties":{"code":"009","name":"Mandera","sourceName":"Mandera","shapeID":"32016919B2031803566233","level":"county","source":"geoBoundaries gbOpen KEN ADM1 (RCMRD GeoPortal)","license":"geoBoundaries gbOpen — underlying source Public Domain; cite geoBoundaries (CC BY 4.0 citation requested)","classification":"official","approximate":false},"geometry":{"type":"Polygon","coordinates":[[[40.99195,2.17919],[40.99252,2.82475],[41.32996,3.15836],[41.64417,3.60139],[41.90626,3.97638],[41.89849,3.98113],[41.88197,3.9662],[41.87444,3.96324],[41.8685,3.96682],[41.85476,3.96065],[41.85451,3.95043],[41.8456,3.94957],[41.83963,3.9533],[41.83521,3.95205],[41.83534,3.94507],[41.82855,3.95273],[41.82046,3.95058],[41.82127,3.9567],[41.81477,3.9591],[41.80796,3.96098],[41.79887,3.95882],[41.79471,3.96979],[41.79951,3.97224],[41.79393,3.98313],[41.78318,3.98287],[41.778,3.97633],[41.76505,3.97618],[41.75287,3.97625],[41.75395,3.98492],[41.73939,3.98835],[41.73555,3.99109],[41.73013,3.99334],[41.73066,3.98691],[41.72139,3.98901],[41.7191,3.99537],[41.71269,3.98661],[41.69615,3.98215],[41.69086,3.97642],[41.68416,3.9774],[41.6823,3.97135],[41.67834,3.96169],[41.67065,3.9688],[41.66236,3.96911],[41.65331,3.97178],[41.6428,3.97962],[41.63585,3.97776],[41.6358,3.98654],[41.62941,3.97924],[41.62628,3.98435],[41.61736,3.97482],[41.59589,3.97148],[41.56628,3.9693],[41.54972,3.98563],[41.53614,3.97681],[41.52173,3.96092],[41.50566,3.95699],[41.50107,3.96971],[41.48447,3.96342],[41.48125,3.95543],[41.47654,3.95907],[41.46329,3.96048],[41.43974,3.95865],[41.43947,3.95198],[41.41941,3.95005],[41.40899,3.95639],[41.39519,3.96583],[41.38165,3.96126],[41.37923,3.95312],[41.36404,3.95684],[41.35668,3.9617],[41.35477,3.95655],[41.35055,3.94987],[41.339,3.94603],[41.32763,3.94196],[41.3171,3.94796],[41.31206,3.94798],[41.29737,3.95585],[41.2958,3.94795],[41.28098,3.94795],[41.28033,3.955],[41.27726,3.95075],[41.25519,3.95239],[41.24623,3.95118],[41.24215,3.95208],[41.23947,3.96041],[41.23061,3.95083],[41.21522,3.9534],[41.21051,3.94814],[41.20691,3.93573],[41.18964,3.94085],[41.17879,3.94495],[41.16585,3.95147],[41.13891,3.96243],[41.13063,3.96715],[41.13531,3.97092],[41.13176,3.97441],[41.12623,3.97918],[41.1083,3.98584],[41.10072,3.99327],[41.10539,4.00775],[41.08455,4.01751],[41.07197,4.02692],[41.06586,4.04467],[41.05293,4.05603],[41.04237,4.07486],[41.03098,4.07494],[41.01996,4.08365],[41.00549,4.10301],[40.98188,4.11384],[40.97564,4.12762],[40.95821,4.14258],[40.94558,4.1474],[40.93231,4.14887],[40.91789,4.15639],[40.90391,4.16278],[40.89959,4.18379],[40.88734,4.19971],[40.887,4.21176],[40.88169,4.21914],[40.85535,4.22914],[40.8511,4.24344],[40.8371,4.2523],[40.83504,4.24845],[40.82406,4.25371],[40.80731,4.26278],[40.79196,4.2689],[40.78223,4.28276],[40.76178,4.28305],[40.74593,4.2641],[40.74075,4.26109],[40.72732,4.25204],[40.71081,4.25249],[40.70118,4.24889],[40.40167,4.12273],[40.38743,4.11596],[40.19596,4.04757],[40.18362,4.03229],[40.1562,4.01366],[40.12072,4.00001],[39.86773,3.8675],[39.78684,3.33346],[40.04419,3.22425],[40.26974,2.97062],[40.49176,2.86438],[40.49282,2.8548],[40.49352,2.8454],[40.49849,2.83358],[40.49548,2.82147],[40.49735,2.81989],[40.49445,2.81801],[40.50444,2.81142],[40.49437,2.80374],[40.49563,2.79734],[40.5036,2.78682],[40.50799,2.78281],[40.5152,2.77777],[40.52221,2.7756],[40.5211,2.76423],[40.52047,2.75105],[40.52131,2.74111],[40.51368,2.73842],[40.50883,2.72763],[40.50134,2.72362],[40.51403,2.702],[40.52118,2.69584],[40.52827,2.67089],[40.53229,2.6601],[40.53835,2.64339],[40.54345,2.63491],[40.54515,2.62714],[40.55057,2.60294],[40.55392,2.59327],[40.55936,2.57856],[40.56983,2.56404],[40.58006,2.53472],[40.59739,2.51227],[40.59184,2.50548],[40.60358,2.49243],[40.60352,2.48381],[40.61635,2.46179],[40.63364,2.44205],[40.64011,2.43734],[40.65434,2.43345],[40.6646,2.42308],[40.6676,2.40613],[40.66771,2.3909],[40.67731,2.37524],[40.68616,2.36936],[40.70002,2.35761],[40.71011,2.34867],[40.71626,2.33877],[40.7198,2.32801],[40.74038,2.31391],[40.77975,2.3048],[40.8133,2.27787],[40.82994,2.27675],[40.84245,2.26387],[40.87628,2.22462],[40.91567,2.19147],[40.96404,2.17629],[40.99195,2.17919]]]}},{"type":"Feature","properties":{"code":"008","name":"Wajir","sourceName":"Wajir","shapeID":"32016919B89873713911655","level":"county","source":"geoBoundaries gbOpen KEN ADM1 (RCMRD GeoPortal)","license":"geoBoundaries gbOpen — underlying source Public Domain; cite geoBoundaries (CC BY 4.0 citation requested)","classification":"official","approximate":false},"geometry":{"type":"Polygon","coordinates":[[[38.96255,2.09739],[38.98129,2.07376],[38.98426,2.05334],[38.99295,2.0402],[38.99419,2.00958],[39.01971,1.97742],[39.03505,1.9671],[39.04885,1.94492],[39.06334,1.92819],[39.07646,1.90802],[39.08946,1.89662],[39.09848,1.88899],[39.10583,1.8835],[39.12271,1.87394],[39.13109,1.8662],[39.14307,1.84592],[39.14576,1.83526],[39.14981,1.82357],[39.16213,1.80541],[39.17012,1.79115],[39.18035,1.75338],[39.19085,1.737],[39.19838,1.72583],[39.21385,1.69736],[39.22205,1.69554],[39.23636,1.68878],[39.25432,1.68318],[39.27524,1.67347],[39.28688,1.66248],[39.30831,1.65453],[39.31903,1.64428],[39.32616,1.63507],[39.33688,1.63124],[39.34531,1.62597],[39.35142,1.61767],[39.35798,1.61006],[39.36648,1.59821],[39.37909,1.57857],[39.38742,1.5658],[39.39477,1.56524],[39.4067,1.54996],[39.41587,1.55042],[39.42205,1.54612],[39.43851,1.52949],[39.27426,1.4678],[39.46225,0.99709],[39.46617,0.98735],[39.49249,0.96216],[39.51448,0.90018],[39.54568,0.81572],[39.56136,0.768],[39.56705,0.75351],[39.57527,0.74221],[39.59728,0.71297],[39.60699,0.69467],[39.61447,0.68462],[39.6281,0.67002],[39.64621,0.65787],[39.65441,0.63256],[39.66502,0.61452],[39.67662,0.59769],[39.68941,0.57981],[39.70225,0.56567],[39.71673,0.55112],[39.72114,0.54681],[39.72853,0.53463],[39.73286,0.52594],[39.74109,0.52351],[39.75541,0.51495],[39.76215,0.51216],[39.767,0.5041],[39.77375,0.49918],[39.77736,0.49546],[39.79299,0.48838],[39.81072,0.48348],[39.82742,0.47792],[39.84099,0.47739],[39.85389,0.47446],[39.86481,0.46586],[39.87473,0.45834],[39.88783,0.46287],[39.90498,0.46208],[39.97908,0.40971],[40.01296,0.39894],[40.05962,0.3926],[40.12823,0.34261],[40.17805,0.30991],[40.23345,0.25256],[40.28255,0.22796],[40.33131,0.19941],[40.37511,0.19684],[40.39543,0.18594],[40.40728,0.18413],[40.4261,0.1903],[40.47388,0.18648],[40.49496,0.19787],[40.50367,0.19249],[40.51249,0.2016],[40.52053,0.21288],[40.53318,0.22629],[40.56505,0.21582],[40.58616,0.2154],[40.59878,0.22659],[40.60929,0.23137],[40.61882,0.23142],[40.64768,0.23211],[40.6834,0.26126],[40.6945,0.2781],[40.7102,0.31285],[40.73517,0.32556],[40.77314,0.35405],[40.84327,0.37091],[40.88599,0.3924],[40.9333,0.43209],[40.96123,0.44765],[40.99178,0.46442],[40.99222,1.44282],[40.99037,1.94725],[40.96404,2.17629],[40.91567,2.19147],[40.87628,2.22462],[40.84245,2.26387],[40.82994,2.27675],[40.8133,2.27787],[40.77975,2.3048],[40.74038,2.31391],[40.7198,2.32801],[40.71626,2.33877],[40.71011,2.34867],[40.70002,2.35761],[40.68616,2.36936],[40.67731,2.37524],[40.66771,2.3909],[40.6676,2.40613],[40.6646,2.42308],[40.65434,2.43345],[40.64011,2.43734],[40.63364,2.44205],[40.61635,2.46179],[40.60352,2.48381],[40.60358,2.49243],[40.59184,2.50548],[40.59739,2.51227],[40.58006,2.53472],[40.56983,2.56404],[40.55936,2.57856],[40.55392,2.59327],[40.55057,2.60294],[40.54515,2.62714],[40.54345,2.63491],[40.53835,2.64339],[40.53229,2.6601],[40.52827,2.67089],[40.52118,2.69584],[40.51403,2.702],[40.50134,2.72362],[40.50883,2.72763],[40.51368,2.73842],[40.52131,2.74111],[40.52047,2.75105],[40.5211,2.76423],[40.52221,2.7756],[40.5152,2.77777],[40.50799,2.78281],[40.5036,2.78682],[40.49563,2.79734],[40.49437,2.80374],[40.50444,2.81142],[40.49445,2.81801],[40.49735,2.81989],[40.49548,2.82147],[40.49849,2.83358],[40.49352,2.8454],[40.49282,2.8548],[40.49176,2.86438],[40.26974,2.97062],[40.04419,3.22425],[39.78684,3.33346],[39.76811,3.65807],[39.60941,3.50109],[39.54815,3.47111],[39.53208,3.46826],[39.52534,3.46662],[39.5015,3.47008],[39.4932,3.46749],[39.47644,3.46031],[39.47134,3.45936],[39.45747,3.45587],[39.44243,3.45616],[39.43661,3.46063],[39.42896,3.46625],[39.4179,3.46063],[39.40771,3.46441],[39.40345,3.46324],[39.33595,3.46625],[39.30453,3.45582],[39.30173,3.42658],[39.32818,3.28866],[39.33831,3.27737],[39.34676,3.07008],[39.28933,3.0353],[39.24942,2.99587],[39.20217,2.95691],[39.14741,2.95283],[39.1338,2.93622],[39.12356,2.93132],[39.11182,2.88335],[39.06599,2.73758],[39.05247,2.72648],[39.04827,2.70415],[39.03677,2.69201],[39.03621,2.68687],[39.04342,2.67602],[38.9767,2.56691],[38.88861,2.54265],[38.89387,2.51296],[38.90231,2.47831],[38.91447,2.44083],[38.93056,2.39513],[38.93474,2.37276],[38.93143,2.34577],[38.92609,2.28411],[38.92907,2.26194],[38.93833,2.21482],[38.93801,2.17679],[38.95419,2.10622],[38.96255,2.09739]]]}},{"type":"Feature","properties":{"code":"024","name":"West Pokot","sourceName":"West Pokot","shapeID":"32016919B96045830258165","level":"county","source":"geoBoundaries gbOpen KEN ADM1 (RCMRD GeoPortal)","license":"geoBoundaries gbOpen — underlying source Public Domain; cite geoBoundaries (CC BY 4.0 citation requested)","classification":"official","approximate":false},"geometry":{"type":"Polygon","coordinates":[[[34.94278,2.45547],[34.92255,2.45267],[34.89312,2.43306],[34.88003,2.4109],[34.90416,2.32043],[34.93389,2.24802],[34.9751,2.16294],[34.96375,2.06367],[34.98386,1.98062],[35.02585,1.92418],[34.98782,1.66525],[34.92032,1.56333],[34.90228,1.5524],[34.88329,1.54097],[34.87784,1.53298],[34.8603,1.51472],[34.85842,1.45263],[34.84237,1.45343],[34.79727,1.42533],[34.78889,1.40953],[34.7952,1.36567],[34.82922,1.31132],[34.82925,1.29555],[34.83221,1.27159],[34.82229,1.26259],[34.90607,1.25208],[34.97197,1.24625],[35.01207,1.25424],[35.04445,1.21541],[35.04169,1.19446],[35.05758,1.18219],[35.08308,1.1692],[35.117,1.18804],[35.15214,1.19937],[35.35561,1.13204],[35.55747,1.28498],[35.57579,1.29148],[35.58531,1.28316],[35.60802,1.28006],[35.61732,1.28979],[35.67315,1.31538],[35.69684,1.32073],[35.69902,1.3254],[35.69559,1.3286],[35.6941,1.33489],[35.69019,1.33893],[35.69122,1.3424],[35.68761,1.34449],[35.6895,1.35274],[35.68764,1.35963],[35.69055,1.36788],[35.69255,1.37294],[35.70142,1.38706],[35.70168,1.39506],[35.70398,1.40193],[35.71016,1.40393],[35.70642,1.40926],[35.7106,1.41273],[35.70551,1.42004],[35.70453,1.42778],[35.70575,1.43838],[35.71264,1.44821],[35.71982,1.45641],[35.72258,1.46103],[35.71962,1.47328],[35.72576,1.47999],[35.72828,1.4869],[35.73409,1.49065],[35.75924,1.50785],[35.76101,1.51802],[35.76804,1.53283],[35.77499,1.54311],[35.78274,1.5598],[35.78735,1.59681],[35.78927,1.60979],[35.79316,1.62363],[35.77974,1.6301],[35.77635,1.64355],[35.79194,1.66362],[35.77407,1.66819],[35.76241,1.67092],[35.75433,1.67655],[35.71668,1.70777],[35.69788,1.70814],[35.66984,1.72432],[35.65681,1.73803],[35.62728,1.74711],[35.62135,1.74542],[35.61376,1.74842],[35.60519,1.75596],[35.5933,1.75248],[35.57583,1.75531],[35.55533,1.76237],[35.54218,1.76647],[35.50992,1.76389],[35.50078,1.77717],[35.49105,1.7889],[35.48554,1.79111],[35.48045,1.79343],[35.47763,1.79557],[35.46992,1.80379],[35.46354,1.80817],[35.46702,1.81118],[35.4693,1.81711],[35.46565,1.81813],[35.46856,1.82582],[35.46855,1.83084],[35.46555,1.83966],[35.46067,1.84277],[35.45338,1.84441],[35.4497,1.84505],[35.44556,1.8493],[35.44166,1.8519],[35.36895,1.93411],[35.37186,1.94378],[35.37917,1.94801],[35.37494,1.99218],[35.36198,2.04423],[35.34032,2.12503],[35.31834,2.18942],[35.29804,2.27069],[35.27114,2.31973],[35.24543,2.34152],[35.23213,2.35122],[35.22332,2.41205],[35.2317,2.44139],[35.22027,2.48749],[35.22493,2.52992],[35.19822,2.59185],[35.16054,2.64824],[35.13705,2.64602],[35.13235,2.64892],[35.12762,2.62302],[35.11612,2.60188],[35.10763,2.5602],[35.10452,2.54753],[35.10807,2.53447],[35.10921,2.52575],[35.10741,2.51054],[35.10098,2.4883],[35.07974,2.46816],[35.06615,2.46369],[35.04431,2.51688],[35.0296,2.54298],[35.02157,2.56826],[35.01242,2.56181],[35.00445,2.50687],[34.99701,2.47866],[34.99968,2.47024],[35.01612,2.45456],[35.01989,2.44019],[35.01488,2.42847],[35.00871,2.42473],[35.01335,2.40768],[35.00997,2.40347],[34.94082,2.45311],[34.94278,2.45547]]]}},{"type":"Feature","properties":{"code":"025","name":"Samburu","sourceName":"Samburu","shapeID":"32016919B77230315601578","level":"county","source":"geoBoundaries gbOpen KEN ADM1 (RCMRD GeoPortal)","license":"geoBoundaries gbOpen — underlying source Public Domain; cite geoBoundaries (CC BY 4.0 citation requested)","classification":"official","approximate":false},"geometry":{"type":"Polygon","coordinates":[[[36.39206,0.91877],[36.39344,0.91176],[36.39496,0.90866],[36.39629,0.90449],[36.40971,0.89974],[36.4236,0.89727],[36.42888,0.88456],[36.44407,0.87356],[36.44761,0.87296],[36.46032,0.86986],[36.46945,0.86366],[36.47681,0.857],[36.48454,0.85268],[36.48278,0.82514],[36.48154,0.81683],[36.66951,0.81331],[36.68724,0.81746],[36.70841,0.81436],[36.75614,0.8584],[36.79335,0.8694],[36.81976,0.83895],[36.83405,0.80043],[36.84088,0.79001],[36.86302,0.74957],[36.87767,0.73805],[36.88655,0.73337],[36.89614,0.74014],[36.90482,0.73825],[36.90861,0.73156],[36.91215,0.72952],[36.91707,0.72963],[36.92443,0.74043],[36.9316,0.74342],[36.93845,0.7523],[36.94807,0.744],[36.96629,0.74213],[36.97396,0.747],[36.99229,0.74788],[37.00214,0.75003],[37.01659,0.75574],[37.05788,0.77222],[37.06315,0.76677],[37.07206,0.77301],[37.07237,0.77913],[37.09283,0.7827],[37.10306,0.78756],[37.10997,0.78081],[37.12437,0.77806],[37.13659,0.75946],[37.1524,0.75299],[37.16339,0.74564],[37.17479,0.74545],[37.20219,0.74652],[37.21994,0.73944],[37.23584,0.75151],[37.24329,0.75855],[37.25555,0.76445],[37.26637,0.75362],[37.27502,0.74381],[37.29087,0.73127],[37.30025,0.72086],[37.30832,0.70095],[37.32629,0.6684],[37.33078,0.65423],[37.34266,0.64578],[37.34753,0.63287],[37.35283,0.62156],[37.35405,0.60892],[37.35622,0.59929],[37.36494,0.58695],[37.37821,0.58381],[37.39117,0.5766],[37.42404,0.57948],[37.43552,0.58028],[37.44703,0.5804],[37.46588,0.591],[37.47783,0.5881],[37.49284,0.58556],[37.49228,0.57619],[37.50756,0.56972],[37.5241,0.57034],[37.54499,0.57797],[37.54966,0.57419],[37.56469,0.57208],[37.5765,0.57462],[37.58335,0.57491],[37.58354,0.58843],[37.59747,0.59166],[37.61871,0.60009],[37.62788,0.60003],[37.63284,0.59718],[37.6365,0.60753],[37.64103,0.61477],[37.63858,0.62144],[37.64576,0.62846],[37.65607,0.63125],[37.66508,0.63276],[37.67663,0.63976],[37.68116,0.64258],[37.68618,0.65649],[37.69067,0.66309],[37.70907,0.66724],[37.72383,0.65471],[37.7292,0.66187],[37.73994,0.66724],[37.75291,0.67529],[37.76857,0.6735],[37.7896,0.67216],[37.81107,0.6744],[37.8321,0.67976],[37.84238,0.70347],[37.85849,0.71824],[37.87505,0.73032],[37.87683,0.74419],[37.89652,0.72763],[37.90233,0.72629],[37.90815,0.71958],[37.92739,0.72182],[37.94036,0.73882],[37.95826,0.75134],[37.97168,0.75447],[37.98018,0.76969],[37.99494,0.77908],[38.00433,0.78803],[38.00747,0.80011],[38.01596,0.80234],[38.02402,0.79698],[38.04683,0.78445],[38.06115,0.77863],[38.08039,0.78042],[38.04751,0.80496],[37.94816,1.19432],[37.95062,1.38696],[37.84882,1.45271],[37.84598,1.44221],[37.84285,1.43083],[37.84174,1.42548],[37.82587,1.42084],[37.81091,1.4185],[37.79965,1.41827],[37.78719,1.41502],[37.77842,1.41182],[37.77295,1.40973],[37.76142,1.41401],[37.7476,1.41334],[37.7249,1.40564],[37.70999,1.40723],[37.67393,1.40313],[37.66462,1.39767],[37.65731,1.39525],[37.65292,1.40088],[37.63936,1.3911],[37.62974,1.38373],[37.62146,1.37694],[37.61005,1.3754],[37.60234,1.38106],[37.59805,1.39155],[37.59574,1.38457],[37.58745,1.36824],[37.58214,1.37084],[37.57302,1.38099],[37.5631,1.39052],[37.5578,1.39621],[37.44299,1.58737],[37.30611,1.76545],[37.24768,1.88099],[37.24096,1.88585],[37.2321,1.90022],[37.21624,1.91186],[37.19086,1.93042],[37.18077,1.94971],[37.17492,1.95821],[37.12977,1.97099],[37.09668,1.98325],[37.00716,1.9851],[36.9399,2.02475],[36.91775,2.01663],[36.91889,2.0338],[36.92102,2.0583],[36.91999,2.09953],[36.91529,2.12565],[36.89694,2.19173],[36.86579,2.25385],[36.7567,2.51606],[36.74678,2.51408],[36.71409,2.50851],[36.70688,2.51165],[36.69972,2.51237],[36.70148,2.48517],[36.69747,2.46622],[36.6986,2.45512],[36.68729,2.45906],[36.67112,2.44546],[36.65625,2.41983],[36.64689,2.41342],[36.6435,2.41828],[36.64079,2.39649],[36.63922,2.41098],[36.63394,2.40533],[36.62212,2.41547],[36.62105,2.40447],[36.60889,2.39656],[36.60454,2.4017],[36.60096,2.36001],[36.72216,2.2964],[36.7211,2.28603],[36.71449,2.26652],[36.70657,2.26194],[36.71245,2.25558],[36.71343,2.24553],[36.71196,2.23076],[36.69988,2.21827],[36.70241,2.20349],[36.68657,2.19573],[36.67035,2.18644],[36.6362,2.1639],[36.60991,2.15614],[36.61089,2.16324],[36.59448,2.14651],[36.58395,2.14071],[36.56354,2.10381],[36.56681,2.0896],[36.56811,2.05801],[36.55807,2.05074],[36.55505,2.04299],[36.54689,2.03262],[36.54778,2.02535],[36.54346,2.02266],[36.54612,2.0071],[36.53913,2.00191],[36.53773,1.9779],[36.5295,1.96395],[36.52876,1.95224],[36.53623,1.9637],[36.53548,1.95099],[36.53822,1.94277],[36.53598,1.93156],[36.53822,1.9186],[36.53748,1.91337],[36.53598,1.90465],[36.53648,1.89867],[36.52801,1.89369],[36.52402,1.8922],[36.52328,1.88323],[36.51954,1.88074],[36.51207,1.87949],[36.51231,1.86853],[36.51281,1.85582],[36.51804,1.85308],[36.52303,1.84635],[36.52153,1.8319],[36.51879,1.82792],[36.51804,1.82343],[36.51132,1.82592],[36.51356,1.81596],[36.52726,1.80774],[36.52925,1.79976],[36.52552,1.79179],[36.52228,1.78606],[36.51954,1.77859],[36.51356,1.77684],[36.51655,1.76513],[36.50758,1.77136],[36.51032,1.76364],[36.51505,1.76065],[36.51331,1.75616],[36.51929,1.76663],[36.52402,1.76563],[36.52053,1.75043],[36.51904,1.74595],[36.51356,1.73997],[36.50633,1.72776],[36.50484,1.72153],[36.5016,1.71057],[36.49886,1.70609],[36.48416,1.70285],[36.48366,1.69213],[36.4854,1.68292],[36.47694,1.67544],[36.47544,1.66323],[36.46996,1.65825],[36.47046,1.6433],[36.46597,1.63558],[36.46547,1.6291],[36.46199,1.62237],[36.46572,1.61689],[36.46398,1.61316],[36.45351,1.61241],[36.44679,1.61839],[36.44031,1.61565],[36.43682,1.60294],[36.43134,1.5845],[36.42437,1.57354],[36.41988,1.57155],[36.41315,1.56607],[36.40568,1.54539],[36.39846,1.53467],[36.39347,1.52272],[36.38351,1.53119],[36.37753,1.54041],[36.37205,1.55386],[36.3693,1.56358],[36.37479,1.58475],[36.3693,1.59522],[36.36333,1.59123],[36.35785,1.58774],[36.35984,1.57827],[36.36009,1.57205],[36.35112,1.5723],[36.3399,1.57803],[36.33118,1.57105],[36.32097,1.55959],[36.29979,1.54215],[36.29606,1.53318],[36.29606,1.50602],[36.29631,1.49705],[36.29157,1.48161],[36.28659,1.4699],[36.28858,1.46392],[36.30527,1.4689],[36.31823,1.4699],[36.34788,1.43875],[36.35585,1.43601],[36.36283,1.43801],[36.3723,1.441],[36.38948,1.44498],[36.4012,1.43253],[36.41216,1.42206],[36.41714,1.41758],[36.42362,1.41733],[36.4281,1.41359],[36.4276,1.40811],[36.43682,1.4101],[36.44106,1.4096],[36.44928,1.40612],[36.45501,1.39814],[36.46298,1.40288],[36.46423,1.39366],[36.45825,1.36875],[36.45327,1.36924],[36.43757,1.36003],[36.42885,1.35056],[36.42237,1.34782],[36.42113,1.33685],[36.41739,1.33411],[36.41016,1.32863],[36.40618,1.3224],[36.40393,1.31717],[36.39048,1.31294],[36.40194,1.3082],[36.40468,1.29973],[36.41589,1.29849],[36.42586,1.30023],[36.43259,1.30422],[36.43757,1.29749],[36.43558,1.28952],[36.44405,1.27781],[36.45003,1.2661],[36.45351,1.25439],[36.44081,1.25663],[36.43184,1.26485],[36.42287,1.26709],[36.40817,1.27905],[36.39746,1.27731],[36.39596,1.26959],[36.38774,1.2656],[36.39173,1.26261],[36.4007,1.25489],[36.40618,1.2524],[36.40967,1.26012],[36.4134,1.24667],[36.41814,1.22698],[36.41241,1.23246],[36.40618,1.22997],[36.3987,1.22673],[36.39397,1.22001],[36.39796,1.2068],[36.39641,1.19398],[36.38699,1.18662],[36.39173,1.18139],[36.39023,1.17566],[36.39895,1.17367],[36.41465,1.18164],[36.41864,1.18662],[36.42611,1.18313],[36.43159,1.1779],[36.4423,1.17292],[36.43508,1.15623],[36.43333,1.14153],[36.43906,1.12733],[36.44205,1.11736],[36.44455,1.11013],[36.43732,1.08647],[36.44131,1.07924],[36.44056,1.06728],[36.44131,1.0481],[36.45351,1.01471],[36.45859,0.9967],[36.45937,0.97845],[36.44849,0.98039],[36.44112,1.00291],[36.44539,0.98427],[36.43646,0.96059],[36.40501,0.92604],[36.39206,0.91877]]]}},{"type":"Feature","properties":{"code":"011","name":"Isiolo","sourceName":"Isiolo","shapeID":"32016919B62684442090944","level":"county","source":"geoBoundaries gbOpen KEN ADM1 (RCMRD GeoPortal)","license":"geoBoundaries gbOpen — underlying source Public Domain; cite geoBoundaries (CC BY 4.0 citation requested)","classification":"official","approximate":false},"geometry":{"type":"Polygon","coordinates":[[[37.94529,1.26288],[38.03084,1.08514],[38.08092,0.78144],[38.06473,0.78087],[38.04996,0.77863],[38.03028,0.79071],[38.01552,0.79698],[38.01149,0.80369],[38.0097,0.7925],[37.99941,0.78669],[37.98823,0.77729],[37.97212,0.75984],[37.96452,0.75179],[37.95378,0.74687],[37.93633,0.73032],[37.91262,0.71197],[37.90233,0.72092],[37.8992,0.72897],[37.88847,0.73882],[37.87236,0.73569],[37.86699,0.72674],[37.84641,0.71153],[37.84462,0.68961],[37.82494,0.67976],[37.80347,0.67574],[37.77394,0.67797],[37.75783,0.67261],[37.74665,0.67618],[37.73412,0.66232],[37.72875,0.6565],[37.71399,0.66008],[37.70281,0.66724],[37.69086,0.65996],[37.68298,0.65142],[37.67836,0.64241],[37.67357,0.64128],[37.6611,0.63338],[37.65044,0.63219],[37.64388,0.62242],[37.63743,0.61477],[37.64187,0.61266],[37.63572,0.60124],[37.63018,0.59691],[37.62259,0.59844],[37.60585,0.59153],[37.59124,0.58834],[37.58226,0.58498],[37.58086,0.57277],[37.56719,0.57072],[37.55739,0.571],[37.54705,0.57792],[37.5319,0.56524],[37.51428,0.56809],[37.50236,0.57557],[37.49053,0.57889],[37.49168,0.58885],[37.47029,0.59334],[37.46239,0.58639],[37.44072,0.58242],[37.42801,0.58318],[37.4061,0.57972],[37.3826,0.58265],[37.37449,0.5876],[37.36349,0.59933],[37.35393,0.6007],[37.35176,0.61574],[37.34951,0.62621],[37.34335,0.63805],[37.3317,0.65031],[37.32671,0.66052],[37.31445,0.68492],[37.30519,0.70316],[37.2939,0.72925],[37.28917,0.73645],[37.27029,0.75227],[37.26474,0.75783],[37.24686,0.763],[37.23806,0.75564],[37.23051,0.74987],[37.2062,0.74153],[37.18176,0.74257],[37.16857,0.74267],[37.16194,0.75164],[37.15174,0.76092],[37.12835,0.76663],[37.11752,0.7834],[37.10776,0.78592],[37.09652,0.78571],[37.08746,0.7828],[37.07078,0.77699],[37.0695,0.76578],[37.05977,0.77197],[37.04658,0.76619],[37.00872,0.75164],[36.99635,0.75097],[36.98059,0.74453],[36.97096,0.74387],[36.96011,0.74407],[36.94236,0.74687],[36.93465,0.7542],[36.93129,0.73328],[36.92566,0.68883],[36.92411,0.67158],[36.92134,0.66061],[36.91384,0.65868],[36.91258,0.65063],[36.9082,0.64361],[36.89762,0.63073],[36.89017,0.62313],[36.88359,0.61312],[36.8802,0.60777],[36.87569,0.60508],[36.86705,0.59695],[36.86806,0.58741],[36.86406,0.57227],[37.21319,0.52972],[37.36798,0.50853],[37.3595,0.5002],[37.36115,0.48466],[37.35989,0.47397],[37.35685,0.46529],[37.34888,0.45582],[37.34798,0.44921],[37.35134,0.43145],[37.36253,0.40735],[37.37051,0.38731],[37.37671,0.37977],[37.37693,0.36776],[37.38183,0.36043],[37.39031,0.35486],[37.39133,0.34545],[37.39153,0.3363],[37.3911,0.32464],[37.39118,0.3122],[37.39275,0.3036],[37.3922,0.29651],[37.39404,0.28945],[37.38635,0.28079],[37.38583,0.27442],[37.39951,0.2962],[37.46418,0.28296],[37.53859,0.2694],[37.54491,0.27419],[37.54766,0.27907],[37.5466,0.28741],[37.55039,0.30617],[37.54733,0.31477],[37.55268,0.32403],[37.58083,0.32752],[37.60324,0.36073],[37.58563,0.40172],[37.58099,0.44237],[37.58099,0.45176],[37.58105,0.45709],[37.58181,0.46339],[37.58668,0.47372],[37.58646,0.48116],[38.06129,0.66744],[38.17654,0.33006],[38.19651,0.22868],[38.20184,0.22635],[38.22143,0.21632],[38.23433,0.21293],[38.24419,0.20711],[38.25431,0.19963],[38.26276,0.19224],[38.26721,0.18207],[38.28618,0.17104],[38.29867,0.16011],[38.30539,0.12244],[38.31224,0.10955],[38.32207,0.09992],[38.32964,0.09304],[38.32482,0.078],[38.33598,0.07259],[38.33975,0.06486],[38.3499,0.06273],[38.34654,0.04462],[38.35764,0.03998],[38.35547,0.02746],[38.36642,0.01667],[38.37767,0.00592],[38.38608,-0.00297],[38.39356,-0.01078],[38.40159,-0.01412],[38.40005,-0.01934],[38.40194,-0.02399],[38.40477,-0.02815],[38.4071,-0.03702],[38.41066,-0.04547],[38.41355,-0.05077],[38.41283,-0.05937],[38.41473,-0.0652],[38.4207,-0.06928],[38.43415,-0.07482],[38.45335,-0.0838],[38.464,-0.08319],[38.47593,-0.07745],[38.48638,-0.06942],[38.48999,-0.05877],[38.50637,-0.06154],[38.51818,-0.06236],[38.52769,-0.05473],[38.53095,-0.04205],[38.54134,-0.04217],[38.54664,-0.02586],[38.55487,-0.01548],[38.56938,-0.01719],[38.58932,-0.02465],[38.60275,-0.03302],[38.61276,-0.02875],[38.6397,-0.05214],[38.65435,-0.04609],[38.67038,-0.04847],[38.68324,-0.05374],[38.687,-0.0424],[38.69798,-0.04875],[38.72924,-0.06282],[38.74597,-0.06895],[38.75978,-0.07208],[38.76112,-0.06261],[38.76669,-0.05504],[38.75941,-0.04804],[38.75497,-0.03703],[38.75198,-0.02432],[38.74969,-0.01803],[38.74383,-0.0026],[38.73996,0.01677],[38.73639,0.0277],[38.73365,0.04547],[38.73169,0.06176],[38.73154,0.07782],[38.7323,0.09526],[38.73367,0.12843],[38.73663,0.14896],[38.75555,0.19235],[38.73215,0.28061],[38.68904,0.45163],[38.67641,0.49462],[38.66537,0.50196],[38.6617,0.50906],[38.6944,0.5101],[38.70495,0.50635],[38.70962,0.51274],[38.72237,0.51098],[38.72438,0.52447],[38.74396,0.52291],[38.75458,0.52093],[38.76634,0.511],[38.77434,0.51658],[38.79134,0.53906],[38.8018,0.5485],[38.80911,0.55836],[38.81566,0.56911],[38.82499,0.5796],[38.83255,0.58427],[38.84127,0.58813],[38.87092,0.60001],[38.87551,0.59436],[38.89192,0.59437],[38.90231,0.59634],[38.91052,0.59896],[38.9258,0.60599],[38.93983,0.62845],[38.95217,0.62877],[38.95692,0.62626],[38.96932,0.62278],[38.97747,0.62131],[39.00967,0.62443],[39.01144,0.63481],[39.0153,0.64117],[39.02334,0.64531],[39.02195,0.6551],[39.03337,0.66484],[39.04641,0.67702],[39.05346,0.68585],[39.06035,0.6828],[39.07148,0.67854],[39.08507,0.67514],[39.09687,0.68002],[39.09783,0.68674],[39.11399,0.69102],[39.12531,0.68804],[39.13477,0.69088],[39.14413,0.70121],[39.15245,0.70716],[39.16293,0.71346],[39.17326,0.7194],[39.17721,0.72541],[39.17555,0.7378],[39.19448,0.78191],[39.21417,0.80549],[39.23568,0.84423],[39.26593,0.8752],[39.33412,0.93686],[39.43126,0.98222],[39.46069,0.99468],[39.39775,1.14627],[39.44717,1.52721],[39.42613,1.54026],[39.41929,1.54693],[39.41096,1.55128],[39.39997,1.55298],[39.3897,1.56421],[39.38604,1.57445],[39.37344,1.58527],[39.3606,1.6037],[39.3537,1.61337],[39.3484,1.61796],[39.33996,1.62563],[39.33352,1.63352],[39.32182,1.64263],[39.31345,1.64325],[39.3005,1.65469],[39.28545,1.66752],[39.2659,1.67357],[39.24258,1.68885],[39.23049,1.69474],[39.21772,1.69788],[39.19833,1.72188],[39.19445,1.72875],[39.18628,1.74215],[39.17971,1.76198],[39.16573,1.7947],[39.15403,1.81309],[39.14399,1.83044],[39.14473,1.84191],[39.13931,1.84844],[39.12613,1.86912],[39.11211,1.87788],[39.10201,1.88997],[39.09511,1.88997],[39.08382,1.89914],[39.06848,1.9146],[39.05416,1.93363],[39.03848,1.95827],[39.02667,1.97432],[39.0038,2.00055],[38.98956,2.02782],[38.99118,2.0454],[38.98531,2.06964],[38.97986,2.07774],[38.38317,1.76128],[37.94529,1.26288]]]}},{"type":"Feature","properties":{"code":"030","name":"Baringo","sourceName":"Baringo","shapeID":"32016919B50719068904883","level":"county","source":"geoBoundaries gbOpen KEN ADM1 (RCMRD GeoPortal)","license":"geoBoundaries gbOpen — underlying source Public Domain; cite geoBoundaries (CC BY 4.0 citation requested)","classification":"official","approximate":false},"geometry":{"type":"Polygon","coordinates":[[[35.79194,1.66362],[35.77635,1.64355],[35.77974,1.6301],[35.79316,1.62363],[35.78927,1.60979],[35.78735,1.59681],[35.78274,1.5598],[35.77499,1.54311],[35.76804,1.53283],[35.76101,1.51802],[35.75924,1.50785],[35.73409,1.49065],[35.72828,1.4869],[35.72576,1.47999],[35.71962,1.47328],[35.72258,1.46103],[35.71982,1.45641],[35.71264,1.44821],[35.70575,1.43838],[35.70453,1.42778],[35.70551,1.42004],[35.7106,1.41273],[35.70642,1.40926],[35.71016,1.40393],[35.70398,1.40193],[35.70168,1.39506],[35.70142,1.38706],[35.69255,1.37294],[35.69055,1.36788],[35.68764,1.35963],[35.6895,1.35274],[35.68761,1.34449],[35.69122,1.3424],[35.69019,1.33893],[35.6941,1.33489],[35.69559,1.3286],[35.69902,1.3254],[35.69684,1.32073],[35.69655,1.30701],[35.69464,1.30346],[35.69762,1.30408],[35.69393,1.29572],[35.6939,1.28814],[35.69684,1.28419],[35.70153,1.27461],[35.70473,1.27274],[35.7046,1.26376],[35.7024,1.25956],[35.69937,1.25836],[35.70017,1.24702],[35.7028,1.24649],[35.70175,1.24362],[35.6981,1.23842],[35.6986,1.235],[35.70246,1.23171],[35.69715,1.21723],[35.69575,1.20348],[35.69909,1.20179],[35.70346,1.19109],[35.7029,1.1796],[35.70333,1.17512],[35.70254,1.15798],[35.70288,1.15288],[35.70805,1.15107],[35.70477,1.14704],[35.69991,1.12854],[35.70072,1.12041],[35.69793,1.10493],[35.69213,1.10489],[35.68816,1.09825],[35.68566,1.0953],[35.68304,1.08877],[35.67851,1.08667],[35.67569,1.07645],[35.67112,1.06912],[35.6734,1.06633],[35.67374,1.06286],[35.6709,1.05686],[35.66782,1.04934],[35.6709,1.04533],[35.66582,1.04432],[35.66435,1.03811],[35.66012,1.03627],[35.65562,1.03325],[35.65165,1.03017],[35.64421,1.02544],[35.64375,1.02267],[35.64447,1.01638],[35.63898,1.00469],[35.63722,1.00108],[35.63521,0.98885],[35.63962,0.98238],[35.63563,0.97847],[35.63815,0.96851],[35.63517,0.96515],[35.63649,0.96012],[35.63161,0.9471],[35.63342,0.93691],[35.63437,0.92737],[35.6338,0.91788],[35.63275,0.9106],[35.62709,0.90996],[35.62746,0.89817],[35.62758,0.89376],[35.62604,0.8809],[35.62289,0.8688],[35.63547,0.84953],[35.63522,0.84512],[35.63931,0.83654],[35.63894,0.83467],[35.63875,0.82729],[35.64191,0.8231],[35.64194,0.81649],[35.63553,0.80808],[35.63322,0.80677],[35.63615,0.79774],[35.63699,0.79133],[35.63356,0.78582],[35.63346,0.77929],[35.63359,0.77511],[35.63175,0.77116],[35.62931,0.76517],[35.62833,0.76087],[35.62565,0.74597],[35.62046,0.73576],[35.62241,0.73377],[35.62645,0.72872],[35.62616,0.72553],[35.63128,0.71907],[35.63149,0.7161],[35.63217,0.71158],[35.63349,0.7015],[35.63093,0.69586],[35.62729,0.69067],[35.62544,0.68831],[35.62532,0.67974],[35.61919,0.67748],[35.61555,0.67897],[35.60536,0.6742],[35.60646,0.66204],[35.60818,0.65531],[35.6092,0.64624],[35.60217,0.63732],[35.59682,0.62592],[35.59593,0.61374],[35.59791,0.60434],[35.61123,0.58917],[35.61243,0.57516],[35.60197,0.55674],[35.6049,0.54342],[35.6035,0.53128],[35.61177,0.52465],[35.61179,0.51803],[35.61294,0.5109],[35.62286,0.50595],[35.62843,0.50209],[35.62943,0.4926],[35.63313,0.49291],[35.63153,0.48216],[35.63434,0.47722],[35.63913,0.46847],[35.64243,0.4634],[35.64452,0.45667],[35.65096,0.4469],[35.65169,0.43],[35.65252,0.42605],[35.65775,0.41422],[35.65405,0.3989],[35.65854,0.39457],[35.66243,0.38784],[35.66617,0.38663],[35.66785,0.37864],[35.67258,0.37499],[35.67868,0.37294],[35.68312,0.37181],[35.68821,0.37093],[35.69572,0.36372],[35.69502,0.36791],[35.69748,0.36728],[35.70316,0.36322],[35.70916,0.35679],[35.7187,0.35531],[35.72161,0.35102],[35.72106,0.33875],[35.71759,0.33057],[35.71605,0.32203],[35.71013,0.31131],[35.7112,0.30608],[35.71431,0.30203],[35.71332,0.28627],[35.71208,0.27103],[35.70971,0.26591],[35.70827,0.25654],[35.71586,0.24155],[35.72098,0.2133],[35.71674,0.21086],[35.71186,0.20644],[35.70421,0.2009],[35.69133,0.18958],[35.58744,0.1695],[35.57388,0.11393],[35.54071,0.08991],[35.53935,0.08007],[35.53899,0.06461],[35.53845,0.05262],[35.53597,0.04827],[35.52645,0.04684],[35.54345,-0.00851],[35.57223,-0.01087],[35.61016,-0.03249],[35.63838,-0.05028],[35.64015,-0.06097],[35.64933,-0.0811],[35.6683,-0.07384],[35.69002,-0.08606],[35.69229,-0.10965],[35.70489,-0.12492],[35.72891,-0.16024],[35.722,-0.19807],[35.73397,-0.22041],[35.75462,-0.22628],[35.78008,-0.19482],[35.78974,-0.16208],[35.79616,-0.10968],[35.8058,-0.10009],[35.81675,-0.11768],[35.85039,-0.07575],[35.89302,-0.05153],[35.91637,-0.08186],[35.92598,-0.07209],[35.93576,-0.06471],[35.9477,-0.05085],[35.95858,-0.03199],[35.96766,-0.01593],[35.97126,0.00071],[35.97423,0.02073],[35.96821,0.02475],[35.93889,0.09546],[35.95966,0.08339],[35.96148,0.07577],[35.96198,0.07177],[35.9618,0.06467],[35.99609,0.05993],[36.03387,0.02126],[36.05036,0.00459],[36.11123,0.00612],[36.12642,0.05937],[36.13923,0.12964],[36.19667,0.19926],[36.19106,0.21907],[36.17805,0.22481],[36.20185,0.23466],[36.21039,0.26479],[36.19328,0.30065],[36.22939,0.42658],[36.28815,0.57996],[36.28859,0.64465],[36.40445,0.71719],[36.47331,0.8385],[36.48454,0.85268],[36.47681,0.857],[36.46945,0.86366],[36.46032,0.86986],[36.44761,0.87296],[36.44407,0.87356],[36.42888,0.88456],[36.4236,0.89727],[36.40971,0.89974],[36.39629,0.90449],[36.39496,0.90866],[36.39344,0.91176],[36.39206,0.91877],[36.38747,0.93378],[36.38925,0.94125],[36.38306,0.95126],[36.37739,0.95394],[36.36683,0.95589],[36.36241,0.96346],[36.35435,0.9638],[36.35007,0.96613],[36.34525,0.98625],[36.34037,0.99313],[36.17396,1.17086],[35.79194,1.66362]]]}},{"type":"Feature","properties":{"code":"028","name":"Elgeyo-Marakwet","sourceName":"Elgeyo-Marakwet","shapeID":"32016919B59887050611600","level":"county","source":"geoBoundaries gbOpen KEN ADM1 (RCMRD GeoPortal)","license":"geoBoundaries gbOpen — underlying source Public Domain; cite geoBoundaries (CC BY 4.0 citation requested)","classification":"official","approximate":false},"geometry":{"type":"Polygon","coordinates":[[[35.15214,1.19937],[35.18167,1.15096],[35.2188,1.1161],[35.27514,1.06048],[35.35941,1.01839],[35.3416,1.00586],[35.3386,0.97288],[35.34271,0.96561],[35.34345,0.94638],[35.37798,0.93534],[35.41828,0.93748],[35.41383,0.90724],[35.46529,0.89778],[35.45807,0.88288],[35.48704,0.87569],[35.4881,0.86568],[35.49123,0.85283],[35.48882,0.84015],[35.49264,0.82071],[35.49729,0.81819],[35.50265,0.77123],[35.50327,0.76104],[35.49202,0.72657],[35.50317,0.7107],[35.40852,0.7038],[35.4117,0.69533],[35.46344,0.50578],[35.46212,0.42887],[35.47964,0.39422],[35.47896,0.38145],[35.4681,0.36935],[35.47965,0.35989],[35.48812,0.34963],[35.49513,0.32578],[35.49437,0.31312],[35.4977,0.29498],[35.49936,0.27745],[35.49466,0.27416],[35.49464,0.2582],[35.49638,0.23205],[35.51017,0.22818],[35.52893,0.22824],[35.53964,0.22581],[35.53028,0.21647],[35.52482,0.21048],[35.51874,0.19651],[35.55523,0.18942],[35.56715,0.18696],[35.58558,0.16949],[35.69468,0.17001],[35.69962,0.19821],[35.70509,0.20331],[35.7155,0.20653],[35.72065,0.21197],[35.71935,0.2351],[35.71305,0.2517],[35.7075,0.25922],[35.70807,0.26821],[35.71066,0.27283],[35.71204,0.29631],[35.71208,0.30323],[35.71232,0.30979],[35.71199,0.31842],[35.7153,0.33002],[35.71876,0.33766],[35.71774,0.34553],[35.719,0.35198],[35.71286,0.35721],[35.70563,0.36424],[35.69928,0.36458],[35.69799,0.36888],[35.69675,0.36471],[35.68951,0.36832],[35.68616,0.37002],[35.67934,0.37035],[35.675,0.37608],[35.67096,0.37834],[35.66558,0.38292],[35.66389,0.38531],[35.65952,0.38633],[35.65654,0.3951],[35.66018,0.41039],[35.65957,0.41588],[35.65358,0.42819],[35.65369,0.43446],[35.64474,0.45154],[35.64599,0.46085],[35.64278,0.46671],[35.6382,0.47447],[35.63375,0.48036],[35.63125,0.48692],[35.63229,0.49386],[35.63085,0.50304],[35.62429,0.50322],[35.62075,0.50589],[35.61335,0.51554],[35.61352,0.51948],[35.60829,0.5288],[35.60223,0.53497],[35.60225,0.55104],[35.61035,0.56961],[35.61326,0.58366],[35.61274,0.59229],[35.59833,0.60813],[35.59754,0.61754],[35.60023,0.62948],[35.60668,0.63966],[35.60767,0.65027],[35.60575,0.65774],[35.60443,0.66689],[35.60833,0.67302],[35.61837,0.67935],[35.62082,0.6795],[35.62381,0.68663],[35.62921,0.68759],[35.63145,0.69206],[35.6354,0.70167],[35.6338,0.70892],[35.63373,0.71246],[35.6294,0.71688],[35.63075,0.72217],[35.62816,0.72617],[35.62274,0.72958],[35.62385,0.73524],[35.62006,0.7393],[35.62579,0.75508],[35.62785,0.76433],[35.62933,0.76937],[35.63094,0.77378],[35.63448,0.77738],[35.63525,0.7827],[35.63743,0.78825],[35.63385,0.79333],[35.633,0.80485],[35.63457,0.80559],[35.63412,0.81041],[35.64272,0.8213],[35.63634,0.8264],[35.63913,0.8297],[35.63614,0.83587],[35.64302,0.84086],[35.63638,0.84797],[35.62569,0.85462],[35.62445,0.87009],[35.62233,0.88683],[35.6256,0.89506],[35.62577,0.90861],[35.63004,0.90906],[35.63474,0.9139],[35.63643,0.91843],[35.63573,0.92999],[35.63147,0.93834],[35.63008,0.9528],[35.63677,0.96305],[35.63777,0.96615],[35.63515,0.97237],[35.63915,0.97982],[35.63723,0.98877],[35.63331,0.99363],[35.63626,1.00539],[35.64261,1.01511],[35.64209,1.02089],[35.64256,1.02523],[35.64804,1.02982],[35.65474,1.02845],[35.65796,1.03293],[35.6642,1.03561],[35.66703,1.04079],[35.66917,1.04406],[35.67083,1.04693],[35.67167,1.05431],[35.67454,1.06004],[35.67514,1.06483],[35.67377,1.06999],[35.67152,1.07428],[35.67655,1.08675],[35.67888,1.08939],[35.6831,1.09594],[35.68513,1.09845],[35.69062,1.10005],[35.69482,1.10343],[35.69699,1.11491],[35.70133,1.12385],[35.70483,1.13473],[35.70866,1.14943],[35.70555,1.15078],[35.70459,1.15561],[35.70439,1.15977],[35.70552,1.1776],[35.70191,1.18914],[35.70202,1.19961],[35.69717,1.20063],[35.69695,1.20543],[35.70313,1.22659],[35.70028,1.23233],[35.70078,1.23677],[35.70157,1.24055],[35.70049,1.24498],[35.70222,1.24755],[35.70075,1.25267],[35.70035,1.25978],[35.70229,1.26225],[35.70629,1.27074],[35.70166,1.27176],[35.69644,1.27845],[35.69435,1.28334],[35.69635,1.2949],[35.69339,1.29741],[35.69686,1.30497],[35.69366,1.30475],[35.69595,1.31901],[35.63919,1.30319],[35.61344,1.28266],[35.60197,1.27938],[35.57791,1.29119],[35.56443,1.28991],[35.54386,1.28514],[35.32454,1.11645],[35.15214,1.19937]]]}},{"type":"Feature","properties":{"code":"026","name":"Trans Nzoia","sourceName":"Trans Nzoia","shapeID":"32016919B1149170155930","level":"county","source":"geoBoundaries gbOpen KEN ADM1 (RCMRD GeoPortal)","license":"geoBoundaries gbOpen — underlying source Public Domain; cite geoBoundaries (CC BY 4.0 citation requested)","classification":"official","approximate":false},"geometry":{"type":"Polygon","coordinates":[[[34.82229,1.26259],[34.8184,1.24802],[34.81128,1.2369],[34.79435,1.21955],[34.78468,1.22159],[34.77513,1.22084],[34.76814,1.21651],[34.75018,1.21845],[34.74002,1.21866],[34.70276,1.21533],[34.67125,1.208],[34.6636,1.19164],[34.65696,1.18471],[34.63845,1.17202],[34.61582,1.16099],[34.58077,1.15033],[34.63277,1.09431],[34.64331,1.09086],[34.66391,1.08385],[34.65964,1.0527],[34.69365,0.99779],[34.76777,0.92026],[34.78456,0.92334],[34.79917,0.90368],[34.79081,0.89537],[34.78558,0.88865],[34.78905,0.88086],[34.79488,0.85806],[34.80091,0.84542],[34.80801,0.82683],[34.80832,0.80429],[34.91199,0.84658],[34.9271,0.85436],[34.94143,0.86977],[34.9584,0.87212],[34.96474,0.87929],[34.98497,0.88162],[35.02372,0.8944],[35.02783,0.89257],[35.03127,0.89429],[35.03835,0.90051],[35.04646,0.89742],[35.0509,0.90071],[35.06784,0.8955],[35.07825,0.89475],[35.07972,0.88634],[35.08553,0.88172],[35.09668,0.87775],[35.10461,0.87452],[35.112,0.87981],[35.11196,0.89224],[35.1154,0.90551],[35.12594,0.91165],[35.13506,0.91785],[35.14469,0.91695],[35.15569,0.91842],[35.16526,0.92194],[35.17688,0.92174],[35.19028,0.92412],[35.19792,0.9211],[35.20097,0.92092],[35.22187,0.91861],[35.23569,0.93029],[35.24596,0.93694],[35.25887,0.93769],[35.26876,0.9341],[35.27721,0.92275],[35.28606,0.91882],[35.29277,0.91022],[35.29834,0.89869],[35.30508,0.89032],[35.33432,0.92718],[35.35963,0.94435],[35.3397,0.96256],[35.33602,0.96721],[35.35126,0.97875],[35.35889,1.00861],[35.31643,1.03333],[35.24252,1.07454],[35.20242,1.11739],[35.16018,1.18046],[35.12425,1.18378],[35.08704,1.18332],[35.07623,1.17563],[35.04684,1.1927],[35.03525,1.20379],[35.02299,1.23516],[34.9931,1.25765],[34.94187,1.25076],[34.91066,1.2842],[34.82229,1.26259]]]}},{"type":"Feature","properties":{"code":"039","name":"Bungoma","sourceName":"Bungoma","shapeID":"32016919B68325359473156","level":"county","source":"geoBoundaries gbOpen KEN ADM1 (RCMRD GeoPortal)","license":"geoBoundaries gbOpen — underlying source Public Domain; cite geoBoundaries (CC BY 4.0 citation requested)","classification":"official","approximate":false},"geometry":{"type":"Polygon","coordinates":[[[34.58077,1.15033],[34.52774,1.12157],[34.52736,1.10544],[34.51874,1.0886],[34.50349,1.06982],[34.49961,1.06088],[34.49713,1.05446],[34.48793,1.01064],[34.48813,0.98372],[34.47909,0.9396],[34.46525,0.91647],[34.45911,0.90942],[34.44999,0.90121],[34.44661,0.87959],[34.43993,0.85778],[34.42041,0.85048],[34.41376,0.84326],[34.4059,0.82903],[34.41221,0.81848],[34.41213,0.8116],[34.396,0.80391],[34.38509,0.80457],[34.38235,0.79476],[34.3756,0.79713],[34.36053,0.77841],[34.37362,0.77468],[34.38227,0.77407],[34.40008,0.75648],[34.41023,0.76215],[34.4241,0.76708],[34.42938,0.75204],[34.4315,0.72641],[34.41172,0.72962],[34.40545,0.72959],[34.40254,0.72717],[34.41571,0.68998],[34.4171,0.65962],[34.39363,0.64938],[34.3865,0.64519],[34.38314,0.64392],[34.37911,0.62469],[34.37558,0.60668],[34.36988,0.60658],[34.37703,0.57881],[34.37108,0.55721],[34.38259,0.54272],[34.40006,0.51987],[34.40865,0.50461],[34.39001,0.49917],[34.38515,0.49066],[34.39206,0.46794],[34.41618,0.47575],[34.43412,0.46408],[34.4479,0.46839],[34.47021,0.47919],[34.48549,0.4824],[34.49496,0.46083],[34.53233,0.44281],[34.53801,0.46106],[34.56268,0.4578],[34.57991,0.45385],[34.58031,0.44034],[34.58128,0.43048],[34.58798,0.42086],[34.59032,0.42559],[34.59035,0.43527],[34.59646,0.44403],[34.61282,0.44287],[34.61535,0.44738],[34.6263,0.45961],[34.63148,0.4595],[34.63134,0.45298],[34.64544,0.45081],[34.6565,0.45372],[34.66312,0.45826],[34.67267,0.4697],[34.67701,0.47925],[34.67904,0.48429],[34.68359,0.48501],[34.69059,0.49227],[34.69318,0.49636],[34.70142,0.50659],[34.70658,0.50357],[34.71453,0.50889],[34.72113,0.50689],[34.72886,0.51548],[34.73809,0.53144],[34.74554,0.53661],[34.75039,0.53903],[34.7557,0.54463],[34.75943,0.55],[34.76403,0.56286],[34.77751,0.57295],[34.7829,0.57647],[34.79641,0.5837],[34.80962,0.58564],[34.79965,0.59661],[34.80182,0.60007],[34.80839,0.60522],[34.81557,0.61607],[34.8308,0.62389],[34.8346,0.6362],[34.83488,0.64604],[34.83862,0.65385],[34.84084,0.65852],[34.8468,0.66993],[34.85688,0.67389],[34.85966,0.68298],[34.86568,0.68158],[34.87812,0.6818],[34.89146,0.69056],[34.90601,0.68473],[34.91242,0.69118],[34.91901,0.69887],[34.92873,0.7092],[34.92204,0.72044],[34.92445,0.7339],[34.93017,0.74077],[34.93645,0.74186],[34.94833,0.75173],[34.95449,0.75147],[34.96122,0.75182],[34.97638,0.75541],[34.98552,0.75304],[34.99658,0.74384],[35.01074,0.75289],[35.01677,0.75005],[35.01913,0.74297],[35.02741,0.74398],[35.02949,0.74968],[35.03515,0.74832],[35.03694,0.75536],[35.05539,0.76281],[35.06278,0.76309],[35.06343,0.76788],[35.06361,0.7758],[35.0643,0.78077],[35.06217,0.78658],[35.06253,0.79482],[35.05118,0.80066],[35.0335,0.82067],[35.02658,0.82474],[35.02418,0.83673],[35.02379,0.8504],[35.01217,0.85962],[35.01771,0.88754],[34.98555,0.88646],[34.96291,0.87538],[34.94759,0.86948],[34.93215,0.85252],[34.91795,0.84787],[34.86886,0.82564],[34.81136,0.82005],[34.80415,0.84398],[34.79682,0.85223],[34.79552,0.86585],[34.7894,0.88417],[34.78736,0.89263],[34.79149,0.89847],[34.79796,0.91003],[34.77688,0.92368],[34.73859,0.93728],[34.6911,1.00418],[34.65354,1.05837],[34.65287,1.08509],[34.63977,1.09103],[34.61396,1.10839],[34.58077,1.15033]]]}},{"type":"Feature","properties":{"code":"007","name":"Garissa","sourceName":"Garissa","shapeID":"32016919B57902629823981","level":"county","source":"geoBoundaries gbOpen KEN ADM1 (RCMRD GeoPortal)","license":"geoBoundaries gbOpen — underlying source Public Domain; cite geoBoundaries (CC BY 4.0 citation requested)","classification":"official","approximate":false},"geometry":{"type":"Polygon","coordinates":[[[39.46069,0.99468],[39.43126,0.98222],[39.33412,0.93686],[39.26593,0.8752],[39.23568,0.84423],[39.21417,0.80549],[39.19448,0.78191],[39.17555,0.7378],[39.17721,0.72541],[39.17326,0.7194],[39.16293,0.71346],[39.15245,0.70716],[39.14413,0.70121],[39.13477,0.69088],[39.12531,0.68804],[39.11399,0.69102],[39.09783,0.68674],[39.09687,0.68002],[39.08507,0.67514],[39.07148,0.67854],[39.06035,0.6828],[39.05346,0.68585],[39.04641,0.67702],[39.03337,0.66484],[39.02195,0.6551],[39.02334,0.64531],[39.0153,0.64117],[39.01144,0.63481],[39.00967,0.62443],[38.97747,0.62131],[38.96932,0.62278],[38.95692,0.62626],[38.95217,0.62877],[38.93983,0.62845],[38.9258,0.60599],[38.91052,0.59896],[38.90231,0.59634],[38.89192,0.59437],[38.87551,0.59436],[38.87092,0.60001],[38.84127,0.58813],[38.83255,0.58427],[38.82499,0.5796],[38.81566,0.56911],[38.80911,0.55836],[38.8018,0.5485],[38.79134,0.53906],[38.77434,0.51658],[38.76634,0.511],[38.75458,0.52093],[38.74396,0.52291],[38.72438,0.52447],[38.72237,0.51098],[38.70962,0.51274],[38.70495,0.50635],[38.6944,0.5101],[38.6617,0.50906],[38.66537,0.50196],[38.67641,0.49462],[38.68904,0.45163],[38.73215,0.28061],[38.75555,0.19235],[38.73663,0.14896],[38.73367,0.12843],[38.7323,0.09526],[38.73154,0.07782],[38.73169,0.06176],[38.73365,0.04547],[38.73639,0.0277],[38.73996,0.01677],[38.74383,-0.0026],[38.74969,-0.01803],[38.75198,-0.02432],[38.75497,-0.03703],[38.75941,-0.04804],[38.76669,-0.05504],[38.76112,-0.06261],[38.77369,-0.07037],[38.81057,-0.0842],[38.8471,-0.09408],[38.88179,-0.09623],[38.89952,-0.09553],[38.93105,-0.09812],[38.94308,-0.09684],[38.9638,-0.0842],[38.96898,-0.07768],[38.96999,-0.06123],[38.97662,-0.05836],[38.98691,-0.05943],[38.99529,-0.05025],[38.99991,-0.05009],[39.00744,-0.05537],[39.02023,-0.0429],[39.03264,-0.05221],[39.04118,-0.05221],[39.06092,-0.04672],[39.06755,-0.04882],[39.08177,-0.0707],[39.08771,-0.08009],[39.10061,-0.09242],[39.10703,-0.09916],[39.12008,-0.11012],[39.12066,-0.11654],[39.1335,-0.11946],[39.13477,-0.13015],[39.15223,-0.12686],[39.16931,-0.13023],[39.18342,-0.13529],[39.20263,-0.14275],[39.20713,-0.13595],[39.21392,-0.13221],[39.22793,-0.13137],[39.22756,-0.13837],[39.24645,-0.14174],[39.25573,-0.13943],[39.25732,-0.14654],[39.27096,-0.14158],[39.28215,-0.14126],[39.29985,-0.13673],[39.30975,-0.1338],[39.31839,-0.14032],[39.32428,-0.15494],[39.33397,-0.15696],[39.33914,-0.1671],[39.35263,-0.15975],[39.35347,-0.16681],[39.35684,-0.16808],[39.36242,-0.1627],[39.38138,-0.18257],[39.38995,-0.19169],[39.39932,-0.19085],[39.40648,-0.19047],[39.42253,-0.18853],[39.43123,-0.19504],[39.43891,-0.20381],[39.45322,-0.21068],[39.46328,-0.21809],[39.47121,-0.2267],[39.47392,-0.23528],[39.47708,-0.24147],[39.48843,-0.24414],[39.4979,-0.24833],[39.50487,-0.26497],[39.51003,-0.27732],[39.51738,-0.28202],[39.51221,-0.29447],[39.51602,-0.29888],[39.52582,-0.28676],[39.5353,-0.29443],[39.54271,-0.29021],[39.55116,-0.30336],[39.55606,-0.31123],[39.55864,-0.31981],[39.56928,-0.32996],[39.58065,-0.34418],[39.58752,-0.34141],[39.59195,-0.35203],[39.59473,-0.3565],[39.5941,-0.36397],[39.59815,-0.36916],[39.59289,-0.37625],[39.5967,-0.3858],[39.5981,-0.39434],[39.6039,-0.39804],[39.60218,-0.40956],[39.6142,-0.40977],[39.61464,-0.44255],[39.61947,-0.44588],[39.6294,-0.45342],[39.63165,-0.46287],[39.63063,-0.4899],[39.64024,-0.5071],[39.66864,-0.53158],[39.6614,-0.53781],[39.66526,-0.54925],[39.67235,-0.54737],[39.67369,-0.55593],[39.67868,-0.55636],[39.68641,-0.55164],[39.68765,-0.56511],[39.6927,-0.57851],[39.69323,-0.58575],[39.69822,-0.58183],[39.69983,-0.58634],[39.69693,-0.59155],[39.70955,-0.59136],[39.7219,-0.59405],[39.73559,-0.58828],[39.73978,-0.58844],[39.73978,-0.59595],[39.74944,-0.60505],[39.75599,-0.60103],[39.76512,-0.61082],[39.77467,-0.62162],[39.76855,-0.62929],[39.7817,-0.65206],[39.78186,-0.66279],[39.79083,-0.66387],[39.79223,-0.6727],[39.79985,-0.67103],[39.79797,-0.69122],[39.80541,-0.69479],[39.80789,-0.69788],[39.80505,-0.70465],[39.81245,-0.70582],[39.81322,-0.7132],[39.81141,-0.72827],[39.80695,-0.72587],[39.80798,-0.73582],[39.8212,-0.73898],[39.8226,-0.74564],[39.81728,-0.75543],[39.80875,-0.75892],[39.81498,-0.76465],[39.81484,-0.76962],[39.80866,-0.77124],[39.81777,-0.77614],[39.82729,-0.78295],[39.82508,-0.7926],[39.83415,-0.79294],[39.82585,-0.7998],[39.82982,-0.80508],[39.83817,-0.80215],[39.84169,-0.80675],[39.83672,-0.81331],[39.84394,-0.82775],[39.84475,-0.84018],[39.83772,-0.83612],[39.83835,-0.84262],[39.84151,-0.85247],[39.84638,-0.85247],[39.84909,-0.84273],[39.85874,-0.84846],[39.85725,-0.85947],[39.85667,-0.87429],[39.85712,-0.88536],[39.85012,-0.88649],[39.8559,-0.89303],[39.85346,-0.90104],[39.86041,-0.91404],[39.86055,-0.92146],[39.86402,-0.92778],[39.87403,-0.93292],[39.87706,-0.94231],[39.86875,-0.94704],[39.8696,-0.95879],[39.87836,-0.95156],[39.88225,-0.95236],[39.88033,-0.96934],[39.89141,-0.97091],[39.89293,-0.97571],[39.88484,-0.97732],[39.88926,-0.9817],[39.89163,-0.98961],[39.88583,-1.00058],[39.89846,-1.00679],[39.8962,-1.01499],[39.90793,-1.03582],[39.9081,-1.04974],[39.91718,-1.05835],[39.91356,-1.06477],[39.91859,-1.076],[39.92594,-1.07772],[39.93235,-1.11086],[39.93361,-1.13156],[39.94032,-1.13092],[39.94491,-1.13877],[39.9558,-1.14454],[39.96287,-1.1676],[39.97266,-1.18633],[39.97985,-1.20238],[39.98925,-1.20247],[39.9892,-1.20988],[39.99766,-1.21315],[39.99564,-1.2268],[39.99535,-1.23842],[40.00475,-1.23789],[40.00744,-1.24522],[40.00369,-1.25671],[40.01184,-1.26469],[40.00634,-1.2786],[39.99934,-1.28441],[40.00429,-1.29358],[39.99723,-1.29996],[40.00425,-1.31561],[40.01175,-1.32935],[40.00096,-1.34808],[40.00227,-1.36136],[40.00937,-1.36032],[40.01477,-1.37454],[40.00908,-1.37954],[40.02198,-1.401],[40.03118,-1.42433],[40.03012,-1.42791],[40.03321,-1.44848],[40.03528,-1.45559],[40.03632,-1.46979],[40.03818,-1.48025],[40.03144,-1.4823],[40.03878,-1.49077],[40.07913,-1.47408],[40.09047,-1.48405],[40.10132,-1.49972],[40.10662,-1.52173],[40.1261,-1.57015],[40.14921,-1.59558],[40.15882,-1.63087],[40.15771,-1.6813],[40.16003,-1.70366],[40.17075,-1.72387],[40.16037,-1.75371],[40.15891,-1.783],[40.16302,-1.82338],[40.17807,-1.84602],[40.18881,-1.87274],[40.18941,-1.93628],[40.19026,-1.97024],[40.19685,-2.0008],[40.20793,-2.03288],[40.9029,-1.71448],[41.56198,-1.65864],[41.56215,-1.65842],[40.9924,-0.82909],[40.99178,0.46442],[40.96123,0.44765],[40.9333,0.43209],[40.88599,0.3924],[40.84327,0.37091],[40.77314,0.35405],[40.73517,0.32556],[40.7102,0.31285],[40.6945,0.2781],[40.6834,0.26126],[40.64768,0.23211],[40.61882,0.23142],[40.60929,0.23137],[40.59878,0.22659],[40.58616,0.2154],[40.56505,0.21582],[40.53318,0.22629],[40.52053,0.21288],[40.51249,0.2016],[40.50367,0.19249],[40.49496,0.19787],[40.47388,0.18648],[40.4261,0.1903],[40.40728,0.18413],[40.39543,0.18594],[40.37511,0.19684],[40.33131,0.19941],[40.28255,0.22796],[40.23345,0.25256],[40.17805,0.30991],[40.12823,0.34261],[40.05962,0.3926],[40.01296,0.39894],[39.97908,0.40971],[39.90498,0.46208],[39.88783,0.46287],[39.87473,0.45834],[39.86481,0.46586],[39.85389,0.47446],[39.84099,0.47739],[39.82742,0.47792],[39.81072,0.48348],[39.79299,0.48838],[39.77736,0.49546],[39.77375,0.49918],[39.767,0.5041],[39.76215,0.51216],[39.75541,0.51495],[39.74109,0.52351],[39.73286,0.52594],[39.72853,0.53463],[39.72114,0.54681],[39.71673,0.55112],[39.70225,0.56567],[39.68941,0.57981],[39.67662,0.59769],[39.66502,0.61452],[39.65441,0.63256],[39.64621,0.65787],[39.6281,0.67002],[39.61447,0.68462],[39.60699,0.69467],[39.59728,0.71297],[39.57527,0.74221],[39.56705,0.75351],[39.56136,0.768],[39.54568,0.81572],[39.51448,0.90018],[39.49249,0.96216],[39.46617,0.98735],[39.46069,0.99468]]]}},{"type":"Feature","properties":{"code":"027","name":"Uasin Gishu","sourceName":"Uasin Gishu","shapeID":"32016919B81086936948851","level":"county","source":"geoBoundaries gbOpen KEN ADM1 (RCMRD GeoPortal)","license":"geoBoundaries gbOpen — underlying source Public Domain; cite geoBoundaries (CC BY 4.0 citation requested)","classification":"official","approximate":false},"geometry":{"type":"Polygon","coordinates":[[[35.58744,0.1695],[35.57528,0.18438],[35.56655,0.19701],[35.51173,0.18877],[35.51905,0.20176],[35.52951,0.21118],[35.5367,0.22136],[35.5346,0.22895],[35.52732,0.23105],[35.50509,0.2249],[35.48526,0.2509],[35.49112,0.26365],[35.49678,0.27374],[35.49976,0.28796],[35.49989,0.30614],[35.49678,0.32189],[35.49603,0.34141],[35.48286,0.34983],[35.47268,0.36312],[35.47034,0.37719],[35.48149,0.38996],[35.47852,0.41074],[35.46064,0.4499],[35.47984,0.58898],[35.41133,0.69949],[35.50246,0.70269],[35.4976,0.71509],[35.49915,0.7606],[35.50403,0.76609],[35.50089,0.77055],[35.4944,0.81767],[35.48048,0.8196],[35.48919,0.84816],[35.49025,0.86374],[35.48551,0.87389],[35.4551,0.87487],[35.46246,0.88789],[35.46779,0.8997],[35.41277,0.91574],[35.38496,0.94358],[35.35963,0.94435],[35.33432,0.92718],[35.30508,0.89032],[35.29834,0.89869],[35.29277,0.91022],[35.28606,0.91882],[35.27721,0.92275],[35.26876,0.9341],[35.25887,0.93769],[35.24596,0.93694],[35.23569,0.93029],[35.22187,0.91861],[35.20097,0.92092],[35.19792,0.9211],[35.19028,0.92412],[35.17688,0.92174],[35.16526,0.92194],[35.15569,0.91842],[35.14469,0.91695],[35.13506,0.91785],[35.12594,0.91165],[35.1154,0.90551],[35.11196,0.89224],[35.112,0.87981],[35.12395,0.81951],[35.12984,0.82916],[35.14843,0.75298],[35.15391,0.73974],[35.15292,0.67376],[35.15402,0.66113],[35.14955,0.65892],[35.14019,0.65948],[35.13227,0.6543],[35.12209,0.6528],[35.11687,0.64902],[35.11326,0.64248],[35.1051,0.6466],[35.09553,0.63669],[35.09092,0.63509],[35.082,0.63041],[35.07378,0.63041],[35.06783,0.62951],[35.06354,0.63287],[35.05266,0.62995],[35.04761,0.63865],[35.03722,0.64145],[35.03429,0.62766],[35.03165,0.6203],[35.02704,0.61383],[34.99434,0.6298],[34.97655,0.62445],[34.97161,0.61687],[34.96849,0.61373],[34.96109,0.60806],[34.95102,0.60653],[34.93435,0.6022],[34.91345,0.59168],[34.89682,0.60375],[34.89603,0.59915],[35.0444,0.56148],[35.1054,0.55457],[35.11363,0.54791],[35.1273,0.54355],[35.13192,0.54129],[35.13955,0.53469],[35.15623,0.53831],[35.16197,0.54504],[35.15985,0.50421],[35.17105,0.42153],[35.19322,0.37763],[35.30319,0.21127],[35.34028,0.1681],[35.33589,0.14309],[35.37292,0.11999],[35.386,0.10185],[35.39626,0.10901],[35.4038,0.10529],[35.46517,0.02735],[35.45791,0.01502],[35.45914,0.01063],[35.4937,0.01468],[35.49753,0.01119],[35.51357,0.00855],[35.5228,0.01541],[35.53257,0.04661],[35.54123,0.04761],[35.53788,0.0585],[35.5447,0.0723],[35.53943,0.08766],[35.57274,0.06727],[35.58963,0.14907],[35.58744,0.1695]]]}},{"type":"Feature","properties":{"code":"037","name":"Kakamega","sourceName":"Kakamega","shapeID":"32016919B72187572718143","level":"county","source":"geoBoundaries gbOpen KEN ADM1 (RCMRD GeoPortal)","license":"geoBoundaries gbOpen — underlying source Public Domain; cite geoBoundaries (CC BY 4.0 citation requested)","classification":"official","approximate":false},"geometry":{"type":"Polygon","coordinates":[[[35.01771,0.88754],[35.01217,0.85962],[35.02379,0.8504],[35.02418,0.83673],[35.02658,0.82474],[35.0335,0.82067],[35.05118,0.80066],[35.06253,0.79482],[35.06217,0.78658],[35.0643,0.78077],[35.06361,0.7758],[35.06343,0.76788],[35.06278,0.76309],[35.05539,0.76281],[35.03694,0.75536],[35.03515,0.74832],[35.02949,0.74968],[35.02741,0.74398],[35.01913,0.74297],[35.01677,0.75005],[35.01074,0.75289],[34.99658,0.74384],[34.98552,0.75304],[34.97638,0.75541],[34.96122,0.75182],[34.95449,0.75147],[34.94833,0.75173],[34.93645,0.74186],[34.93017,0.74077],[34.92445,0.7339],[34.92204,0.72044],[34.92873,0.7092],[34.91901,0.69887],[34.91242,0.69118],[34.90601,0.68473],[34.89146,0.69056],[34.87812,0.6818],[34.86568,0.68158],[34.85966,0.68298],[34.85688,0.67389],[34.8468,0.66993],[34.84084,0.65852],[34.83862,0.65385],[34.83488,0.64604],[34.8346,0.6362],[34.8308,0.62389],[34.81557,0.61607],[34.80839,0.60522],[34.80182,0.60007],[34.79965,0.59661],[34.80962,0.58564],[34.79641,0.5837],[34.7829,0.57647],[34.77751,0.57295],[34.76403,0.56286],[34.75943,0.55],[34.7557,0.54463],[34.75039,0.53903],[34.74554,0.53661],[34.73809,0.53144],[34.72886,0.51548],[34.72113,0.50689],[34.71453,0.50889],[34.70658,0.50357],[34.70142,0.50659],[34.69318,0.49636],[34.69059,0.49227],[34.68359,0.48501],[34.67904,0.48429],[34.67701,0.47925],[34.67267,0.4697],[34.66312,0.45826],[34.6565,0.45372],[34.64544,0.45081],[34.63134,0.45298],[34.63148,0.4595],[34.6263,0.45961],[34.61535,0.44738],[34.61282,0.44287],[34.59646,0.44403],[34.59035,0.43527],[34.59032,0.42559],[34.58798,0.42086],[34.58128,0.43048],[34.58031,0.44034],[34.57991,0.45385],[34.56268,0.4578],[34.53801,0.46106],[34.53233,0.44281],[34.49496,0.46083],[34.48549,0.4824],[34.47021,0.47919],[34.4479,0.46839],[34.43412,0.46408],[34.41618,0.47575],[34.39206,0.46794],[34.38234,0.45877],[34.37529,0.46166],[34.36227,0.45772],[34.3563,0.43124],[34.34332,0.42548],[34.36094,0.40644],[34.37862,0.40526],[34.39439,0.3953],[34.41486,0.37929],[34.41671,0.36869],[34.39742,0.34415],[34.38618,0.33762],[34.3848,0.3251],[34.37066,0.30656],[34.39692,0.28539],[34.38953,0.27542],[34.39982,0.26439],[34.39873,0.25382],[34.39006,0.23326],[34.39022,0.216],[34.38964,0.20211],[34.38466,0.18349],[34.38797,0.18013],[34.40774,0.19201],[34.4207,0.20426],[34.44482,0.2186],[34.45141,0.20683],[34.43628,0.20216],[34.42947,0.18315],[34.44173,0.16802],[34.42514,0.15232],[34.43653,0.14609],[34.45092,0.153],[34.46708,0.15768],[34.4819,0.15163],[34.48401,0.14048],[34.47647,0.13646],[34.45673,0.13069],[34.46355,0.1231],[34.48008,0.11528],[34.47387,0.11276],[34.47944,0.10566],[34.49316,0.1022],[34.49511,0.11116],[34.49558,0.12185],[34.5025,0.12849],[34.50362,0.12226],[34.50849,0.11827],[34.51382,0.1305],[34.52474,0.12427],[34.53246,0.1338],[34.54165,0.13857],[34.5495,0.13135],[34.55233,0.12203],[34.54815,0.11724],[34.55664,0.11151],[34.55925,0.10132],[34.56035,0.09393],[34.57305,0.09575],[34.58685,0.10434],[34.58627,0.11548],[34.60118,0.121],[34.61334,0.12436],[34.6377,0.12938],[34.66357,0.12662],[34.67627,0.12987],[34.68851,0.12558],[34.69717,0.13191],[34.70428,0.13367],[34.70436,0.1396],[34.71424,0.14069],[34.71896,0.14216],[34.73176,0.14716],[34.73794,0.14193],[34.74734,0.136],[34.76629,0.14473],[34.76956,0.15197],[34.78128,0.15457],[34.78549,0.15956],[34.79595,0.16261],[34.80506,0.16417],[34.81552,0.16183],[34.81089,0.18405],[34.83011,0.18464],[34.84584,0.18309],[34.85096,0.18493],[34.85517,0.19281],[34.85748,0.19454],[34.86668,0.1951],[34.86977,0.19885],[34.87691,0.19749],[34.88355,0.19757],[34.88445,0.20152],[34.88986,0.20464],[34.89573,0.20642],[34.90296,0.19558],[34.90673,0.19502],[34.91186,0.19789],[34.92514,0.19919],[34.94146,0.20702],[34.96128,0.2399],[34.97579,0.2473],[34.9441,0.31553],[34.93529,0.35714],[34.95403,0.36677],[34.92331,0.4749],[34.90627,0.50256],[34.87311,0.52493],[34.8503,0.54573],[34.88889,0.60555],[34.90472,0.59612],[34.92003,0.59142],[34.94395,0.6069],[34.95601,0.60897],[34.9645,0.60952],[34.9683,0.6151],[34.97185,0.62022],[34.98862,0.62944],[34.99783,0.63591],[35.0307,0.61628],[35.03413,0.62293],[35.03885,0.63077],[35.04276,0.64212],[35.05345,0.63703],[35.05616,0.62962],[35.06739,0.63159],[35.0698,0.62868],[35.07765,0.62911],[35.08524,0.62946],[35.09328,0.63492],[35.10295,0.64679],[35.11246,0.64062],[35.11564,0.64205],[35.11909,0.64866],[35.12544,0.65427],[35.13604,0.6579],[35.14019,0.66081],[35.15083,0.66094],[35.14933,0.66635],[35.15168,0.69512],[35.14687,0.73944],[35.14539,0.82646],[35.12438,0.8265],[35.11136,0.85459],[35.10885,0.87938],[35.10111,0.87326],[35.08649,0.87941],[35.08284,0.88231],[35.08075,0.89195],[35.07132,0.8976],[35.0591,0.89661],[35.04816,0.89981],[35.04487,0.90025],[35.03748,0.89634],[35.03015,0.89241],[35.026,0.89475],[35.01771,0.88754]]]}},{"type":"Feature","properties":{"code":"031","name":"Laikipia","sourceName":"Laikipia","shapeID":"32016919B40191501607276","level":"county","source":"geoBoundaries gbOpen KEN ADM1 (RCMRD GeoPortal)","license":"geoBoundaries gbOpen — underlying source Public Domain; cite geoBoundaries (CC BY 4.0 citation requested)","classification":"official","approximate":false},"geometry":{"type":"Polygon","coordinates":[[[36.48872,0.8468],[36.4686,0.8275],[36.34459,0.65928],[36.27568,0.63167],[36.29404,0.56533],[36.18384,0.31439],[36.19747,0.28562],[36.21499,0.25223],[36.23565,0.2091],[36.25338,0.18061],[36.27601,0.14812],[36.28694,0.11147],[36.25958,0.06202],[36.26503,0.02632],[36.26727,-0.02158],[36.29269,0.01193],[36.29858,0.00524],[36.33063,0.02294],[36.34561,0.03101],[36.34877,0.07051],[36.36344,0.04853],[36.38199,0.0356],[36.38538,0.03725],[36.39933,0.03288],[36.41351,0.03961],[36.41275,0.05121],[36.42313,0.08542],[36.46245,0.1403],[36.52135,0.04869],[36.58825,0.04406],[36.59919,0.00337],[36.63239,0.01385],[36.64949,-0.01692],[36.58658,-0.02213],[36.57941,-0.02265],[36.57365,-0.0339],[36.55696,-0.05242],[36.55266,-0.05999],[36.54934,-0.06563],[36.55741,-0.08073],[36.55935,-0.09287],[36.57317,-0.10518],[36.63291,-0.10874],[36.65747,-0.15308],[36.71593,-0.12956],[36.76319,-0.10932],[36.79067,-0.10675],[36.82901,-0.13569],[36.85287,-0.14304],[36.86016,-0.14606],[36.85659,-0.15494],[36.86461,-0.16879],[36.86912,-0.17776],[36.8644,-0.18179],[36.85572,-0.19028],[36.84343,-0.19653],[36.84149,-0.20769],[36.85474,-0.2543],[36.87778,-0.26029],[36.98541,-0.29619],[36.98813,-0.25568],[37.00218,-0.24523],[37.00891,-0.23503],[37.00742,-0.22536],[37.0168,-0.1808],[37.00671,-0.15029],[36.99932,-0.14715],[36.9836,-0.13499],[36.97652,-0.07985],[36.97655,-0.07329],[36.9841,-0.06994],[36.99646,-0.06496],[37.02632,-0.04444],[37.0515,-0.00994],[37.07114,0.0009],[37.07938,0.00272],[37.07653,-0.00269],[37.09177,-0.01746],[37.11209,-0.0382],[37.13047,-0.03687],[37.12277,-0.02476],[37.10324,0.00651],[37.11064,0.03914],[37.15368,0.05125],[37.18876,0.059],[37.20281,0.06859],[37.23354,0.08367],[37.24803,0.10509],[37.2534,0.09809],[37.279,0.12824],[37.28079,0.15242],[37.3072,0.17972],[37.32914,0.18241],[37.33361,0.19226],[37.3481,0.20732],[37.35159,0.21342],[37.35487,0.22397],[37.35934,0.2331],[37.36322,0.24235],[37.36695,0.2465],[37.35963,0.25141],[37.36288,0.25496],[37.37246,0.26271],[37.37879,0.27351],[37.38583,0.27442],[37.38635,0.28079],[37.39404,0.28945],[37.3922,0.29651],[37.39275,0.3036],[37.39118,0.3122],[37.3911,0.32464],[37.39153,0.3363],[37.39133,0.34545],[37.39031,0.35486],[37.38183,0.36043],[37.37693,0.36776],[37.37671,0.37977],[37.37051,0.38731],[37.36253,0.40735],[37.35134,0.43145],[37.34798,0.44921],[37.34888,0.45582],[37.35685,0.46529],[37.35989,0.47397],[37.36115,0.48466],[37.3595,0.5002],[37.36798,0.50853],[37.21319,0.52972],[36.86406,0.57227],[36.86806,0.58741],[36.86705,0.59695],[36.87569,0.60508],[36.8802,0.60777],[36.88359,0.61312],[36.89017,0.62313],[36.89762,0.63073],[36.9082,0.64361],[36.91258,0.65063],[36.91384,0.65868],[36.92134,0.66061],[36.92411,0.67158],[36.92566,0.68883],[36.93129,0.73328],[36.92804,0.74055],[36.91988,0.73809],[36.91398,0.72856],[36.91041,0.7285],[36.90844,0.73748],[36.90324,0.74024],[36.88901,0.73743],[36.88107,0.73322],[36.86581,0.73765],[36.85669,0.76348],[36.84385,0.79486],[36.8316,0.81523],[36.81561,0.85594],[36.77309,0.86565],[36.73468,0.82504],[36.70501,0.8159],[36.67302,0.81665],[36.48241,0.8135],[36.48304,0.81953],[36.48872,0.8468]]]}},{"type":"Feature","properties":{"code":"040","name":"Busia","sourceName":"Busia","shapeID":"32016919B17784979587790","level":"county","source":"geoBoundaries gbOpen KEN ADM1 (RCMRD GeoPortal)","license":"geoBoundaries gbOpen — underlying source Public Domain; cite geoBoundaries (CC BY 4.0 citation requested)","classification":"official","approximate":false},"geometry":{"type":"Polygon","coordinates":[[[34.36053,0.77841],[34.3464,0.77505],[34.3208,0.76793],[34.31348,0.75978],[34.30935,0.73879],[34.3091,0.72673],[34.31281,0.69732],[34.30614,0.6963],[34.29901,0.69303],[34.28658,0.68292],[34.27827,0.6809],[34.28011,0.66749],[34.2776,0.65789],[34.27557,0.64229],[34.25161,0.63229],[34.23596,0.62951],[34.22937,0.62906],[34.22041,0.63254],[34.2077,0.62841],[34.20032,0.62823],[34.19547,0.62161],[34.1911,0.616],[34.18674,0.60905],[34.17681,0.6081],[34.16228,0.59908],[34.14849,0.58813],[34.13764,0.58584],[34.12611,0.53732],[34.12243,0.51997],[34.11713,0.50991],[34.11813,0.49011],[34.1113,0.47531],[34.09436,0.46174],[34.09163,0.44229],[34.10014,0.41264],[34.1082,0.36946],[34.10035,0.34987],[34.08128,0.3319],[34.05895,0.32468],[34.05441,0.30918],[34.04916,0.30112],[34.04613,0.29254],[34.0407,0.28953],[34.04015,0.28089],[34.04233,0.27679],[34.02594,0.26908],[34.0225,0.26168],[34.01406,0.24892],[34.00506,0.24075],[34.00536,0.23578],[33.91182,0.10025],[34.0111,-0.02591],[34.03016,-0.01737],[34.06615,0.0875],[34.07375,0.10481],[34.08445,0.12274],[34.08947,0.12591],[34.09139,0.12411],[34.09995,0.13585],[34.10241,0.12924],[34.10912,0.13186],[34.11271,0.15382],[34.1055,0.1869],[34.10946,0.20598],[34.11608,0.22008],[34.13183,0.25132],[34.15776,0.28968],[34.17579,0.29474],[34.18459,0.28587],[34.20322,0.2676],[34.20448,0.26006],[34.20618,0.26982],[34.20623,0.2833],[34.23738,0.28965],[34.26357,0.31522],[34.28695,0.30732],[34.31505,0.30924],[34.35659,0.30579],[34.36649,0.30037],[34.38333,0.3184],[34.38406,0.33077],[34.39249,0.34],[34.4021,0.36279],[34.42338,0.37449],[34.40626,0.38831],[34.38418,0.39884],[34.36565,0.40455],[34.34932,0.42088],[34.34832,0.43024],[34.36121,0.43711],[34.36905,0.45849],[34.38054,0.4585],[34.39062,0.46273],[34.38874,0.47186],[34.38588,0.49541],[34.40486,0.50067],[34.40834,0.50795],[34.39013,0.53883],[34.37804,0.55084],[34.36831,0.56179],[34.37012,0.59015],[34.37071,0.60772],[34.37889,0.61301],[34.38385,0.63406],[34.38547,0.64311],[34.39197,0.6463],[34.41497,0.65752],[34.40926,0.68133],[34.40793,0.71571],[34.40321,0.72893],[34.40892,0.72776],[34.42247,0.7316],[34.43362,0.7408],[34.42446,0.7597],[34.4119,0.76761],[34.40641,0.75733],[34.39318,0.75993],[34.37619,0.77332],[34.36926,0.77219],[34.36053,0.77841]]]}},{"type":"Feature","properties":{"code":"012","name":"Meru","sourceName":"Meru","shapeID":"32016919B42702125036935","level":"county","source":"geoBoundaries gbOpen KEN ADM1 (RCMRD GeoPortal)","license":"geoBoundaries gbOpen — underlying source Public Domain; cite geoBoundaries (CC BY 4.0 citation requested)","classification":"official","approximate":false},"geometry":{"type":"Polygon","coordinates":[[[37.38583,0.27442],[37.37879,0.27351],[37.37246,0.26271],[37.36288,0.25496],[37.35963,0.25141],[37.36695,0.2465],[37.36322,0.24235],[37.35934,0.2331],[37.35487,0.22397],[37.35159,0.21342],[37.3481,0.20732],[37.33361,0.19226],[37.32914,0.18241],[37.3072,0.17972],[37.28079,0.15242],[37.279,0.12824],[37.2534,0.09809],[37.24803,0.10509],[37.23354,0.08367],[37.20281,0.06859],[37.18876,0.059],[37.15368,0.05125],[37.11064,0.03914],[37.10324,0.00651],[37.12277,-0.02476],[37.13047,-0.03687],[37.30779,-0.15107],[37.59076,-0.18326],[37.59795,-0.18985],[37.61454,-0.19465],[37.62285,-0.20143],[37.62436,-0.20578],[37.63371,-0.20673],[37.63973,-0.20703],[37.6471,-0.21349],[37.66167,-0.21647],[37.66962,-0.20691],[37.68917,-0.20399],[37.70899,-0.20153],[37.72804,-0.19954],[37.73736,-0.19249],[37.74019,-0.19059],[37.74434,-0.18762],[37.74969,-0.18805],[37.75308,-0.18344],[37.75584,-0.17353],[37.76467,-0.15903],[37.77313,-0.15838],[37.78445,-0.15455],[37.79663,-0.16198],[37.85752,-0.11778],[37.85502,-0.10888],[37.8495,-0.10502],[37.84834,-0.03037],[37.85407,-0.01184],[37.85814,-0.01123],[37.87325,-0.01026],[37.87838,-0.01072],[37.87721,-0.01462],[37.89171,-0.01857],[37.89997,0.01025],[37.91671,0.00578],[37.9263,0.0068],[37.93604,0.00708],[37.93879,0.0192],[37.93991,0.02743],[37.94992,0.03397],[37.9464,0.04634],[37.96395,0.06841],[37.97999,0.06663],[37.99402,0.0691],[38.00008,0.06397],[38.01538,0.06145],[38.02126,0.05314],[38.02961,0.04678],[38.03306,0.03924],[38.03945,0.03388],[38.0425,0.02649],[38.05042,0.02562],[38.05925,0.02469],[38.06562,0.02616],[38.06857,0.02512],[38.07534,0.03222],[38.08299,0.02962],[38.08346,0.03421],[38.09339,0.04484],[38.09848,0.05059],[38.10547,0.05086],[38.11362,0.0574],[38.1186,0.05037],[38.12365,0.05074],[38.14046,0.04782],[38.15751,0.03369],[38.17054,0.02642],[38.17607,0.02659],[38.18184,0.02042],[38.19204,0.01507],[38.20891,0.01894],[38.2176,0.01537],[38.2238,0.01078],[38.22839,0.00519],[38.23775,-0.009],[38.24262,-0.01535],[38.24852,-0.01839],[38.25653,-0.01215],[38.26497,-0.01316],[38.2757,-0.01665],[38.2819,-0.01888],[38.28859,-0.02227],[38.29375,-0.03374],[38.29818,-0.03856],[38.30066,-0.04785],[38.30913,-0.05148],[38.31974,-0.05521],[38.33246,-0.06521],[38.34649,-0.06113],[38.3755,-0.07902],[38.38764,-0.08256],[38.39751,-0.07241],[38.41586,-0.07198],[38.41945,-0.06595],[38.41146,-0.06211],[38.41058,-0.05566],[38.41063,-0.04969],[38.40668,-0.04136],[38.40501,-0.03347],[38.40736,-0.02712],[38.40077,-0.02191],[38.40232,-0.01736],[38.39871,-0.0141],[38.39479,-0.00756],[38.38007,-0.0019],[38.37201,0.00712],[38.35786,0.022],[38.35517,0.03271],[38.35052,0.04456],[38.34508,0.04616],[38.3412,0.06226],[38.34103,0.06922],[38.33054,0.07291],[38.32444,0.0817],[38.32983,0.09672],[38.31924,0.10863],[38.30824,0.11355],[38.30698,0.13174],[38.28833,0.16651],[38.27914,0.17692],[38.26385,0.18529],[38.25881,0.19412],[38.24562,0.20391],[38.23987,0.20616],[38.229,0.21649],[38.21378,0.22151],[38.19885,0.22517],[38.1959,0.3225],[38.09458,0.56313],[37.82598,0.56178],[37.58443,0.47438],[37.58659,0.46863],[37.58119,0.46069],[37.58236,0.45551],[37.58236,0.45006],[37.58144,0.42002],[37.59876,0.40149],[37.59217,0.3401],[37.55546,0.32782],[37.54951,0.31597],[37.54842,0.30811],[37.55001,0.29537],[37.54849,0.28478],[37.54483,0.27691],[37.54293,0.27175],[37.53705,0.26398],[37.42779,0.2978],[37.39955,0.284],[37.38583,0.27442]]]}},{"type":"Feature","properties":{"code":"029","name":"Nandi","sourceName":"Nandi","shapeID":"32016919B10848562282373","level":"county","source":"geoBoundaries gbOpen KEN ADM1 (RCMRD GeoPortal)","license":"geoBoundaries gbOpen — underlying source Public Domain; cite geoBoundaries (CC BY 4.0 citation requested)","classification":"official","approximate":false},"geometry":{"type":"Polygon","coordinates":[[[34.8503,0.54573],[34.87311,0.52493],[34.90627,0.50256],[34.92331,0.4749],[34.95403,0.36677],[34.93529,0.35714],[34.9441,0.31553],[34.97579,0.2473],[34.96128,0.2399],[34.94146,0.20702],[34.92514,0.19919],[34.9201,0.16788],[34.91501,0.15512],[34.90364,0.1528],[34.88188,0.13693],[34.86544,0.12429],[34.85744,0.11723],[34.85825,0.10366],[34.85931,0.08375],[34.85428,0.07984],[34.84824,0.06908],[34.8491,0.06039],[34.83751,0.03628],[34.82213,0.0363],[34.80103,0.02579],[34.78655,0.01309],[34.78056,0.01116],[34.76686,0.00257],[34.76241,-0.00356],[34.75953,0.00794],[34.75364,0.00973],[34.73985,0.00448],[34.74473,-0.0115],[34.75057,-0.03305],[34.75719,-0.02635],[34.76326,-0.01747],[34.77439,-0.01714],[34.78243,-0.01525],[34.80345,0.0101],[34.81869,0.02194],[34.81195,-0.00403],[34.80342,-0.01775],[34.82666,-0.02845],[34.89159,-0.02565],[34.9212,-0.02681],[34.92372,-0.03668],[34.95517,-0.03097],[34.95787,-0.02652],[34.97878,-0.02458],[34.98942,-0.02013],[35.03258,-0.03523],[35.06561,-0.06877],[35.06976,-0.0609],[35.07926,-0.05275],[35.08219,-0.05024],[35.08871,-0.04622],[35.0949,-0.03177],[35.10221,-0.02433],[35.10197,-0.01371],[35.10134,-0.00654],[35.15244,-0.03657],[35.15501,-0.03684],[35.16127,-0.03333],[35.16607,-0.03258],[35.17855,-0.03038],[35.18324,-0.0302],[35.18739,-0.02995],[35.19168,-0.02704],[35.195,-0.02799],[35.20279,-0.03053],[35.20994,-0.03334],[35.21519,-0.03413],[35.22075,-0.03709],[35.22648,-0.10657],[35.30794,-0.08674],[35.34096,-0.10952],[35.39087,-0.09706],[35.424,-0.0782],[35.41351,0.00516],[35.43483,0.02547],[35.40132,0.10796],[35.39015,0.10319],[35.38065,0.11417],[35.37082,0.12724],[35.33589,0.1605],[35.34,0.19382],[35.22339,0.32754],[35.17555,0.41917],[35.13925,0.47168],[35.16523,0.54617],[35.16201,0.54314],[35.14349,0.53748],[35.13268,0.53906],[35.12804,0.54126],[35.11549,0.54491],[35.10738,0.55027],[35.09867,0.53909],[34.8503,0.54573]]]}},{"type":"Feature","properties":{"code":"041","name":"Siaya","sourceName":"Siaya","shapeID":"32016919B12007380424127","level":"county","source":"geoBoundaries gbOpen KEN ADM1 (RCMRD GeoPortal)","license":"geoBoundaries gbOpen — underlying source Public Domain; cite geoBoundaries (CC BY 4.0 citation requested)","classification":"official","approximate":false},"geometry":{"type":"Polygon","coordinates":[[[34.37066,0.30656],[34.36191,0.29778],[34.33361,0.31137],[34.29984,0.31074],[34.28516,0.30982],[34.24992,0.31338],[34.20765,0.28833],[34.20766,0.27961],[34.20686,0.26284],[34.20507,0.26419],[34.18853,0.2758],[34.17919,0.289],[34.15876,0.30052],[34.13864,0.25828],[34.11609,0.24198],[34.11254,0.20953],[34.11077,0.20013],[34.11208,0.17608],[34.11421,0.14516],[34.10317,0.12548],[34.10513,0.13574],[34.09375,0.13066],[34.09015,0.12347],[34.08715,0.12642],[34.07183,0.11965],[34.066,0.09051],[34.04213,-0.00014],[34.0194,-0.02697],[33.95052,-0.02598],[33.94766,-0.33718],[34.28217,-0.4131],[34.29395,-0.42346],[34.30756,-0.42535],[34.32401,-0.4177],[34.48342,-0.29927],[34.42429,-0.12196],[34.41161,-0.0784],[34.43771,-0.05907],[34.45597,-0.04825],[34.48577,-0.02987],[34.53411,-0.01537],[34.54349,-0.00439],[34.54252,0.00762],[34.5541,0.04356],[34.56018,0.04687],[34.56028,0.07165],[34.56035,0.09393],[34.55925,0.10132],[34.55664,0.11151],[34.54815,0.11724],[34.55233,0.12203],[34.5495,0.13135],[34.54165,0.13857],[34.53246,0.1338],[34.52474,0.12427],[34.51382,0.1305],[34.50849,0.11827],[34.50362,0.12226],[34.5025,0.12849],[34.49558,0.12185],[34.49511,0.11116],[34.49316,0.1022],[34.47944,0.10566],[34.47387,0.11276],[34.48008,0.11528],[34.46355,0.1231],[34.45673,0.13069],[34.47647,0.13646],[34.48401,0.14048],[34.4819,0.15163],[34.46708,0.15768],[34.45092,0.153],[34.43653,0.14609],[34.42514,0.15232],[34.44173,0.16802],[34.42947,0.18315],[34.43628,0.20216],[34.45141,0.20683],[34.44482,0.2186],[34.4207,0.20426],[34.40774,0.19201],[34.38797,0.18013],[34.38466,0.18349],[34.38964,0.20211],[34.39022,0.216],[34.39006,0.23326],[34.39873,0.25382],[34.39982,0.26439],[34.38953,0.27542],[34.39692,0.28539],[34.37066,0.30656]]]}},{"type":"Feature","properties":{"code":"032","name":"Nakuru","sourceName":"Nakuru","shapeID":"32016919B58088177642376","level":"county","source":"geoBoundaries gbOpen KEN ADM1 (RCMRD GeoPortal)","license":"geoBoundaries gbOpen — underlying source Public Domain; cite geoBoundaries (CC BY 4.0 citation requested)","classification":"official","approximate":false},"geometry":{"type":"Polygon","coordinates":[[[35.64015,-0.06097],[35.6238,-0.08096],[35.61646,-0.08819],[35.62109,-0.0967],[35.61274,-0.11063],[35.60372,-0.12299],[35.59688,-0.12943],[35.59971,-0.14711],[35.60275,-0.15396],[35.60976,-0.15897],[35.61573,-0.15394],[35.62898,-0.15339],[35.64682,-0.15156],[35.65172,-0.16203],[35.66651,-0.16254],[35.6646,-0.18566],[35.66277,-0.19419],[35.65679,-0.2046],[35.6541,-0.21381],[35.65414,-0.22328],[35.64856,-0.26658],[35.63908,-0.27163],[35.63023,-0.28777],[35.61714,-0.29013],[35.60369,-0.29358],[35.59346,-0.27682],[35.5914,-0.28491],[35.5801,-0.30801],[35.57147,-0.28222],[35.52813,-0.25961],[35.51056,-0.27061],[35.48907,-0.27391],[35.45464,-0.28704],[35.45109,-0.3654],[35.6008,-0.67155],[35.62672,-0.68418],[35.64507,-0.70259],[35.64959,-0.69505],[35.66322,-0.68079],[35.6679,-0.66371],[35.6756,-0.65932],[35.68027,-0.65223],[35.68416,-0.64016],[35.68311,-0.62426],[35.69088,-0.60013],[35.70333,-0.58693],[35.70942,-0.57776],[35.70872,-0.55392],[35.72353,-0.54691],[35.7375,-0.53103],[35.77446,-0.52115],[35.79277,-0.46723],[35.79924,-0.456],[35.81445,-0.46602],[35.81371,-0.47658],[35.83028,-0.46669],[35.83807,-0.47257],[35.88815,-0.52691],[35.91038,-0.54971],[35.93512,-0.5564],[35.94602,-0.55837],[35.95119,-0.57052],[35.94932,-0.66567],[35.87558,-0.63709],[35.87611,-0.65049],[35.92941,-0.69656],[35.94588,-0.71431],[36.02106,-0.67056],[36.06204,-0.6569],[36.10026,-0.67594],[36.14552,-0.71174],[36.15293,-0.71804],[36.15392,-0.72776],[36.15857,-0.74059],[36.1671,-0.74647],[36.16954,-0.75223],[36.18287,-0.75891],[36.18844,-0.76492],[36.19174,-0.76608],[36.18985,-0.7853],[36.15706,-0.83699],[36.18894,-0.90829],[36.1846,-0.91549],[36.2035,-0.93348],[36.33392,-1.04937],[36.53373,-1.15591],[36.56385,-1.10011],[36.58827,-1.06338],[36.59541,-0.9917],[36.5885,-0.98203],[36.58492,-0.96187],[36.57249,-0.94226],[36.57801,-0.92928],[36.56834,-0.92155],[36.55285,-0.92],[36.55037,-0.86872],[36.54836,-0.85011],[36.55294,-0.82893],[36.52665,-0.73147],[36.5397,-0.69645],[36.52493,-0.64904],[36.51384,-0.63105],[36.51326,-0.62368],[36.50944,-0.6164],[36.50092,-0.62376],[36.44977,-0.61306],[36.43724,-0.57546],[36.40018,-0.57274],[36.40154,-0.55736],[36.40053,-0.54801],[36.39769,-0.53651],[36.40292,-0.52417],[36.39821,-0.51636],[36.39978,-0.50618],[36.39591,-0.49042],[36.39314,-0.47371],[36.38786,-0.46392],[36.38577,-0.45864],[36.38621,-0.45112],[36.38524,-0.43852],[36.37939,-0.42577],[36.3768,-0.40559],[36.36427,-0.39653],[36.35884,-0.37971],[36.31015,-0.39071],[36.29006,-0.37843],[36.26131,-0.34408],[36.24768,-0.34712],[36.22928,-0.34351],[36.22247,-0.35658],[36.24397,-0.25784],[36.22115,-0.21296],[36.20996,-0.20527],[36.19844,-0.14009],[36.21972,-0.10902],[36.22609,-0.11895],[36.25,-0.08964],[36.2464,-0.06016],[36.25074,-0.05043],[36.26503,0.02632],[36.25958,0.06202],[36.28694,0.11147],[36.27601,0.14812],[36.25338,0.18061],[36.23565,0.2091],[36.17754,0.22837],[36.18308,0.22024],[36.19461,0.21643],[36.14705,0.18569],[36.13379,0.11191],[36.10427,0.06144],[36.09264,-0.01367],[36.03945,0.02115],[36.00527,0.03126],[35.96367,0.05721],[35.96418,0.06931],[35.96252,0.07474],[35.96386,0.07817],[35.95942,0.08772],[35.92814,0.06977],[35.97149,0.02383],[35.97651,0.01311],[35.97215,-0.00362],[35.95929,-0.02547],[35.95231,-0.0391],[35.93599,-0.06075],[35.93341,-0.06744],[35.92635,-0.07755],[35.89914,-0.04803],[35.87547,-0.03603],[35.82047,-0.1195],[35.81614,-0.11487],[35.79985,-0.10323],[35.78924,-0.11163],[35.7719,-0.19229],[35.76321,-0.22489],[35.74401,-0.21917],[35.72472,-0.21238],[35.72206,-0.17291],[35.71288,-0.13284],[35.70568,-0.12276],[35.68782,-0.09604],[35.68873,-0.07596],[35.65853,-0.07635],[35.64154,-0.06694],[35.64015,-0.06097]]]}},{"type":"Feature","properties":{"code":"038","name":"Vihiga","sourceName":"Vihiga","shapeID":"32016919B20488296424250","level":"county","source":"geoBoundaries gbOpen KEN ADM1 (RCMRD GeoPortal)","license":"geoBoundaries gbOpen — underlying source Public Domain; cite geoBoundaries (CC BY 4.0 citation requested)","classification":"official","approximate":false},"geometry":{"type":"Polygon","coordinates":[[[34.56035,0.09393],[34.56028,0.07165],[34.56018,0.04687],[34.5541,0.04356],[34.54252,0.00762],[34.54349,-0.00439],[34.53411,-0.01537],[34.54518,-0.02129],[34.55041,-0.0216],[34.56282,-0.01582],[34.56368,-0.02356],[34.56001,-0.02926],[34.56493,-0.04011],[34.57579,-0.03589],[34.58274,-0.02418],[34.58562,-0.01629],[34.59208,-0.00732],[34.60384,0.01237],[34.61063,0.00537],[34.63754,-0.00066],[34.65417,-0.00661],[34.66279,-0.01444],[34.69057,-0.0106],[34.68669,-0.02647],[34.70809,-0.02182],[34.72757,-0.00655],[34.74707,-0.02473],[34.7391,-0.00226],[34.74254,0.00725],[34.75739,0.00934],[34.76072,-0.0019],[34.76532,-0.00172],[34.77817,0.00626],[34.78401,0.01323],[34.78963,0.01865],[34.81043,0.03685],[34.82592,0.03442],[34.83886,0.04643],[34.84664,0.06408],[34.85212,0.07322],[34.85756,0.08094],[34.85733,0.08958],[34.85667,0.10813],[34.85907,0.12075],[34.87381,0.13379],[34.8842,0.14336],[34.91077,0.1529],[34.92038,0.16602],[34.91594,0.17175],[34.91819,0.20034],[34.90948,0.19531],[34.90519,0.19653],[34.89539,0.20442],[34.89221,0.20682],[34.88659,0.2046],[34.88535,0.19907],[34.87814,0.19878],[34.87395,0.19998],[34.86948,0.19605],[34.85974,0.19896],[34.85787,0.19262],[34.8519,0.19054],[34.84694,0.18478],[34.84081,0.18491],[34.82352,0.18735],[34.81527,0.17745],[34.81131,0.16181],[34.80173,0.16165],[34.79013,0.15745],[34.78135,0.15715],[34.77599,0.15027],[34.76591,0.14937],[34.75707,0.14194],[34.74338,0.14054],[34.73832,0.14908],[34.72939,0.14396],[34.71677,0.13973],[34.71086,0.13918],[34.70601,0.13526],[34.7043,0.13111],[34.69564,0.13447],[34.68254,0.12155],[34.66518,0.12803],[34.64021,0.12795],[34.62023,0.12675],[34.60637,0.11955],[34.59414,0.11687],[34.58503,0.10837],[34.57864,0.10183],[34.56655,0.09754],[34.56035,0.09393]]]}},{"type":"Feature","properties":{"code":"018","name":"Nyandarua","sourceName":"Nyandarua","shapeID":"32016919B99956097556155","level":"county","source":"geoBoundaries gbOpen KEN ADM1 (RCMRD GeoPortal)","license":"geoBoundaries gbOpen — underlying source Public Domain; cite geoBoundaries (CC BY 4.0 citation requested)","classification":"official","approximate":false},"geometry":{"type":"Polygon","coordinates":[[[36.25549,-0.02196],[36.2464,-0.05441],[36.24964,-0.06152],[36.24446,-0.12117],[36.22609,-0.11135],[36.21808,-0.11409],[36.20875,-0.192],[36.21632,-0.21449],[36.23289,-0.23216],[36.20864,-0.27429],[36.22776,-0.35201],[36.23375,-0.34291],[36.25253,-0.34375],[36.27316,-0.39489],[36.30745,-0.37187],[36.33182,-0.3928],[36.36058,-0.39044],[36.36906,-0.40115],[36.37779,-0.42307],[36.38354,-0.42735],[36.38701,-0.44204],[36.38398,-0.45568],[36.3846,-0.46323],[36.39004,-0.47074],[36.39093,-0.4764],[36.39338,-0.49957],[36.40053,-0.51196],[36.40146,-0.51959],[36.39721,-0.5316],[36.40236,-0.5412],[36.40437,-0.5526],[36.40169,-0.56999],[36.40804,-0.57921],[36.44637,-0.5712],[36.46477,-0.63073],[36.50991,-0.60958],[36.51062,-0.62056],[36.51716,-0.6239],[36.52208,-0.63692],[36.5179,-0.65306],[36.51697,-0.71132],[36.53141,-0.74588],[36.55809,-0.83781],[36.54693,-0.85813],[36.54292,-0.90822],[36.56864,-0.91107],[36.56325,-0.90851],[36.57698,-0.89191],[36.59797,-0.86185],[36.58598,-0.82653],[36.60829,-0.80562],[36.65846,-0.76778],[36.67156,-0.75849],[36.70616,-0.78554],[36.71925,-0.79888],[36.71766,-0.78012],[36.72776,-0.78015],[36.73264,-0.77943],[36.7145,-0.75083],[36.71255,-0.73131],[36.70623,-0.70937],[36.70502,-0.66731],[36.70411,-0.62867],[36.69015,-0.61337],[36.68005,-0.59671],[36.67051,-0.57731],[36.66592,-0.54526],[36.66121,-0.52505],[36.65903,-0.49163],[36.66236,-0.46533],[36.64858,-0.46143],[36.6356,-0.41974],[36.62251,-0.40378],[36.63044,-0.38954],[36.61826,-0.3823],[36.60115,-0.373],[36.61355,-0.35658],[36.60632,-0.33476],[36.61252,-0.31153],[36.67866,-0.17441],[36.65747,-0.15308],[36.63291,-0.10874],[36.57317,-0.10518],[36.55935,-0.09287],[36.55741,-0.08073],[36.54934,-0.06563],[36.55266,-0.05999],[36.55696,-0.05242],[36.57365,-0.0339],[36.57941,-0.02265],[36.58658,-0.02213],[36.64949,-0.01692],[36.63239,0.01385],[36.59919,0.00337],[36.58825,0.04406],[36.52135,0.04869],[36.46245,0.1403],[36.42313,0.08542],[36.41275,0.05121],[36.41351,0.03961],[36.39933,0.03288],[36.38538,0.03725],[36.38199,0.0356],[36.36344,0.04853],[36.34877,0.07051],[36.34561,0.03101],[36.33063,0.02294],[36.29858,0.00524],[36.29269,0.01193],[36.26727,-0.02158],[36.25549,-0.02196]]]}},{"type":"Feature","properties":{"code":"013","name":"Tharaka-Nithi","sourceName":"Tharaka","shapeID":"32016919B40030396675644","level":"county","source":"geoBoundaries gbOpen KEN ADM1 (RCMRD GeoPortal)","license":"geoBoundaries gbOpen — underlying source Public Domain; cite geoBoundaries (CC BY 4.0 citation requested)","classification":"official","approximate":false},"geometry":{"type":"Polygon","coordinates":[[[37.30779,-0.15107],[37.56303,-0.36527],[37.57996,-0.37022],[37.58945,-0.37474],[37.61264,-0.38327],[37.62505,-0.38954],[37.63383,-0.39226],[37.63739,-0.3974],[37.65498,-0.41304],[37.66623,-0.42174],[37.6821,-0.42595],[37.694,-0.43758],[37.70365,-0.44139],[37.72032,-0.44985],[37.72719,-0.45044],[37.7355,-0.44609],[37.74802,-0.44487],[37.76883,-0.44833],[37.78472,-0.44637],[37.80203,-0.43612],[37.81569,-0.42613],[37.82056,-0.41671],[37.82559,-0.41276],[37.82914,-0.41213],[37.83077,-0.40832],[37.83202,-0.40419],[37.84574,-0.40057],[37.85213,-0.38896],[37.8564,-0.38817],[37.86515,-0.36955],[37.87018,-0.36222],[37.8736,-0.34903],[37.88662,-0.34214],[37.89103,-0.34806],[37.88991,-0.36546],[37.89479,-0.37379],[37.89075,-0.38237],[37.8913,-0.39332],[37.90189,-0.39849],[37.90762,-0.40886],[37.91598,-0.41282],[37.92023,-0.42132],[37.92679,-0.42736],[37.93274,-0.42679],[37.94054,-0.42496],[37.94723,-0.42391],[37.95977,-0.4175],[37.96492,-0.41115],[37.96954,-0.39657],[37.97447,-0.37659],[37.96761,-0.36343],[37.97239,-0.34608],[37.97976,-0.32627],[37.98587,-0.31775],[37.97989,-0.31055],[37.98546,-0.29596],[37.99352,-0.27426],[38.00142,-0.26492],[38.0242,-0.26773],[38.0315,-0.27305],[38.07367,-0.27334],[38.08789,-0.27379],[38.10301,-0.27807],[38.11368,-0.27518],[38.12014,-0.27],[38.13543,-0.25621],[38.14342,-0.23932],[38.14985,-0.23974],[38.15931,-0.23732],[38.16394,-0.22992],[38.16275,-0.22331],[38.18479,-0.17152],[38.18579,-0.15228],[38.19387,-0.1497],[38.20248,-0.14436],[38.20741,-0.12673],[38.21368,-0.11373],[38.22696,-0.09965],[38.24227,-0.08986],[38.2575,-0.0861],[38.27143,-0.09299],[38.27523,-0.08601],[38.28762,-0.08431],[38.30086,-0.0672],[38.30913,-0.05148],[38.30066,-0.04785],[38.29818,-0.03856],[38.29375,-0.03374],[38.28859,-0.02227],[38.2819,-0.01888],[38.2757,-0.01665],[38.26497,-0.01316],[38.25653,-0.01215],[38.24852,-0.01839],[38.24262,-0.01535],[38.23775,-0.009],[38.22839,0.00519],[38.2238,0.01078],[38.2176,0.01537],[38.20891,0.01894],[38.19204,0.01507],[38.18184,0.02042],[38.17607,0.02659],[38.17054,0.02642],[38.15751,0.03369],[38.14046,0.04782],[38.12365,0.05074],[38.1186,0.05037],[38.11362,0.0574],[38.10547,0.05086],[38.09848,0.05059],[38.09339,0.04484],[38.08346,0.03421],[38.08299,0.02962],[38.07534,0.03222],[38.06857,0.02512],[38.06562,0.02616],[38.05925,0.02469],[38.05042,0.02562],[38.0425,0.02649],[38.03945,0.03388],[38.03306,0.03924],[38.02961,0.04678],[38.02126,0.05314],[38.01538,0.06145],[38.00008,0.06397],[37.99402,0.0691],[37.97999,0.06663],[37.96395,0.06841],[37.9464,0.04634],[37.94992,0.03397],[37.93991,0.02743],[37.93879,0.0192],[37.93604,0.00708],[37.9263,0.0068],[37.91671,0.00578],[37.89997,0.01025],[37.89171,-0.01857],[37.87721,-0.01462],[37.87838,-0.01072],[37.87325,-0.01026],[37.85814,-0.01123],[37.85407,-0.01184],[37.84834,-0.03037],[37.8495,-0.10502],[37.85502,-0.10888],[37.85752,-0.11778],[37.79663,-0.16198],[37.78445,-0.15455],[37.77313,-0.15838],[37.76467,-0.15903],[37.75584,-0.17353],[37.75308,-0.18344],[37.74969,-0.18805],[37.74434,-0.18762],[37.74019,-0.19059],[37.73736,-0.19249],[37.72804,-0.19954],[37.70899,-0.20153],[37.68917,-0.20399],[37.66962,-0.20691],[37.66167,-0.21647],[37.6471,-0.21349],[37.63973,-0.20703],[37.63371,-0.20673],[37.62436,-0.20578],[37.62285,-0.20143],[37.61454,-0.19465],[37.59795,-0.18985],[37.59076,-0.18326],[37.30779,-0.15107]]]}},{"type":"Feature","properties":{"code":"035","name":"Kericho","sourceName":"Kericho","shapeID":"32016919B28150779100642","level":"county","source":"geoBoundaries gbOpen KEN ADM1 (RCMRD GeoPortal)","license":"geoBoundaries gbOpen — underlying source Public Domain; cite geoBoundaries (CC BY 4.0 citation requested)","classification":"official","approximate":false},"geometry":{"type":"Polygon","coordinates":[[[35.5228,0.01541],[35.51357,0.00855],[35.49753,0.01119],[35.4937,0.01468],[35.45914,0.01063],[35.45791,0.01502],[35.46517,0.02735],[35.43748,0.01878],[35.40369,-0.02447],[35.40218,-0.08723],[35.37161,-0.11034],[35.32588,-0.10182],[35.28008,-0.09936],[35.23648,-0.11959],[35.27032,-0.15259],[35.28456,-0.15706],[35.28027,-0.16596],[35.29574,-0.17604],[35.33043,-0.19219],[35.34032,-0.2398],[35.31184,-0.24837],[35.30048,-0.24037],[35.28482,-0.23588],[35.27477,-0.23658],[35.26325,-0.23264],[35.25927,-0.2295],[35.25615,-0.22175],[35.24971,-0.21308],[35.24675,-0.20963],[35.24479,-0.20176],[35.23964,-0.19977],[35.23518,-0.19621],[35.22704,-0.19637],[35.21989,-0.19214],[35.21876,-0.18575],[35.21532,-0.17986],[35.21515,-0.17507],[35.21008,-0.17346],[35.20379,-0.16899],[35.20116,-0.16635],[35.1911,-0.16342],[35.18429,-0.16042],[35.18337,-0.16613],[35.16825,-0.16379],[35.16618,-0.16338],[35.1606,-0.16526],[35.13892,-0.16096],[35.13777,-0.1635],[35.1303,-0.15529],[35.12834,-0.1561],[35.1039,-0.20168],[35.07088,-0.21262],[35.05792,-0.2345],[35.05256,-0.27904],[35.03195,-0.31214],[35.01204,-0.3321],[35.00738,-0.35825],[35.00906,-0.36952],[35.01233,-0.39142],[35.01711,-0.39961],[35.01961,-0.4124],[35.0298,-0.41897],[35.03825,-0.43076],[35.04485,-0.44682],[35.04505,-0.4546],[35.04025,-0.47932],[35.03353,-0.48463],[35.03283,-0.49717],[35.0465,-0.49956],[35.05135,-0.49959],[35.05415,-0.49708],[35.0694,-0.49121],[35.07322,-0.4873],[35.07602,-0.48317],[35.0794,-0.47686],[35.08371,-0.47269],[35.08789,-0.47533],[35.09283,-0.47041],[35.09913,-0.46683],[35.1043,-0.4684],[35.11164,-0.46205],[35.13236,-0.46126],[35.13579,-0.46274],[35.14354,-0.46049],[35.14995,-0.46349],[35.15771,-0.46406],[35.16555,-0.46881],[35.1696,-0.46855],[35.17355,-0.47459],[35.17949,-0.4821],[35.18157,-0.48429],[35.18699,-0.48541],[35.19392,-0.48168],[35.20145,-0.48278],[35.20588,-0.48109],[35.21811,-0.47945],[35.22035,-0.47395],[35.20858,-0.46607],[35.21248,-0.46202],[35.21799,-0.45551],[35.21831,-0.44906],[35.2248,-0.43834],[35.22864,-0.43144],[35.22975,-0.42837],[35.23198,-0.42235],[35.24456,-0.42329],[35.25459,-0.42461],[35.27533,-0.4179],[35.28447,-0.41866],[35.30136,-0.42542],[35.32053,-0.41717],[35.32787,-0.4065],[35.33486,-0.40622],[35.34763,-0.40775],[35.36826,-0.40293],[35.37693,-0.40223],[35.38757,-0.40384],[35.40002,-0.39991],[35.40905,-0.40521],[35.4188,-0.39316],[35.4441,-0.3741],[35.41247,-0.30244],[35.46929,-0.27775],[35.50274,-0.26909],[35.52459,-0.27011],[35.55865,-0.27347],[35.56821,-0.30341],[35.58398,-0.29201],[35.59131,-0.27753],[35.60074,-0.28321],[35.61053,-0.28875],[35.61956,-0.29389],[35.63117,-0.27561],[35.64543,-0.27132],[35.65656,-0.23611],[35.65615,-0.21779],[35.65472,-0.20661],[35.6604,-0.20496],[35.67251,-0.18892],[35.66954,-0.16319],[35.65374,-0.16494],[35.65118,-0.15662],[35.63895,-0.15061],[35.62398,-0.15064],[35.61198,-0.15857],[35.60733,-0.1547],[35.60188,-0.1479],[35.60072,-0.1371],[35.59861,-0.12263],[35.61184,-0.11433],[35.62292,-0.10301],[35.61441,-0.09143],[35.61497,-0.08439],[35.62831,-0.07266],[35.63457,-0.05422],[35.63216,-0.0361],[35.58247,-0.00777],[35.56819,-0.00791],[35.5228,0.01541]]]}},{"type":"Feature","properties":{"code":"042","name":"Kisumu","sourceName":"Kisumu","shapeID":"32016919B35081513576883","level":"county","source":"geoBoundaries gbOpen KEN ADM1 (RCMRD GeoPortal)","license":"geoBoundaries gbOpen — underlying source Public Domain; cite geoBoundaries (CC BY 4.0 citation requested)","classification":"official","approximate":false},"geometry":{"type":"Polygon","coordinates":[[[34.74707,-0.02473],[34.72757,-0.00655],[34.70809,-0.02182],[34.68669,-0.02647],[34.69057,-0.0106],[34.66279,-0.01444],[34.65417,-0.00661],[34.63754,-0.00066],[34.61063,0.00537],[34.60384,0.01237],[34.59208,-0.00732],[34.58562,-0.01629],[34.58274,-0.02418],[34.57579,-0.03589],[34.56493,-0.04011],[34.56001,-0.02926],[34.56368,-0.02356],[34.56282,-0.01582],[34.55041,-0.0216],[34.54518,-0.02129],[34.53411,-0.01537],[34.48577,-0.02987],[34.45597,-0.04825],[34.43771,-0.05907],[34.41161,-0.0784],[34.42429,-0.12196],[34.48342,-0.29927],[34.70638,-0.25805],[34.75503,-0.2959],[34.75684,-0.30454],[34.76245,-0.31174],[34.76884,-0.30975],[34.77546,-0.31683],[34.78137,-0.32298],[34.78553,-0.32198],[34.7872,-0.3245],[34.79014,-0.33055],[34.78442,-0.3312],[34.78324,-0.33551],[34.78546,-0.34127],[34.79261,-0.34134],[34.7902,-0.34776],[34.79811,-0.35409],[34.80901,-0.35094],[34.81063,-0.35595],[34.82269,-0.37088],[34.82512,-0.38297],[34.82267,-0.38581],[34.83339,-0.38793],[34.85767,-0.39193],[34.8621,-0.39732],[34.87243,-0.39552],[34.87849,-0.39611],[34.88774,-0.40144],[34.89709,-0.39469],[34.90765,-0.3893],[34.91502,-0.38508],[34.91304,-0.39665],[34.92152,-0.4038],[34.92592,-0.40348],[34.92855,-0.40558],[34.9357,-0.41058],[34.94403,-0.41278],[34.94849,-0.41404],[34.95729,-0.41433],[34.96347,-0.41415],[34.966,-0.41161],[34.97446,-0.40944],[34.98687,-0.41309],[34.99783,-0.40424],[35.00316,-0.40451],[35.00728,-0.39843],[35.01023,-0.39123],[35.01289,-0.37892],[35.00935,-0.36335],[35.00825,-0.33871],[35.02315,-0.32353],[35.05248,-0.29442],[35.05657,-0.25809],[35.06351,-0.21571],[35.07246,-0.20875],[35.1213,-0.17199],[35.13059,-0.15772],[35.13268,-0.15587],[35.1392,-0.16334],[35.15496,-0.16633],[35.16327,-0.1628],[35.16638,-0.16555],[35.17293,-0.16284],[35.18597,-0.16252],[35.1863,-0.16005],[35.19726,-0.16288],[35.20377,-0.16593],[35.20972,-0.17191],[35.21238,-0.1729],[35.2162,-0.17805],[35.21767,-0.18108],[35.2176,-0.18796],[35.21866,-0.19429],[35.23184,-0.19394],[35.23653,-0.20105],[35.24328,-0.20422],[35.24829,-0.20784],[35.24763,-0.21314],[35.24977,-0.21497],[35.26117,-0.22385],[35.26163,-0.23351],[35.27044,-0.23782],[35.27867,-0.23766],[35.29832,-0.23832],[35.30457,-0.24029],[35.31371,-0.24884],[35.34221,-0.23648],[35.33032,-0.17625],[35.2894,-0.16513],[35.28053,-0.16137],[35.27737,-0.1448],[35.25331,-0.12054],[35.22648,-0.10657],[35.22075,-0.03709],[35.21519,-0.03413],[35.20994,-0.03334],[35.20279,-0.03053],[35.195,-0.02799],[35.19168,-0.02704],[35.18739,-0.02995],[35.18324,-0.0302],[35.17855,-0.03038],[35.16607,-0.03258],[35.16127,-0.03333],[35.15501,-0.03684],[35.15244,-0.03657],[35.10134,-0.00654],[35.10197,-0.01371],[35.10221,-0.02433],[35.0949,-0.03177],[35.08871,-0.04622],[35.08219,-0.05024],[35.07926,-0.05275],[35.06976,-0.0609],[35.06561,-0.06877],[35.03258,-0.03523],[34.98942,-0.02013],[34.97878,-0.02458],[34.95787,-0.02652],[34.95517,-0.03097],[34.92372,-0.03668],[34.9212,-0.02681],[34.89159,-0.02565],[34.82666,-0.02845],[34.80342,-0.01775],[34.81195,-0.00403],[34.81869,0.02194],[34.80345,0.0101],[34.78243,-0.01525],[34.77439,-0.01714],[34.76326,-0.01747],[34.75719,-0.02635],[34.75057,-0.03305],[34.74707,-0.02473]]]}},{"type":"Feature","properties":{"code":"019","name":"Nyeri","sourceName":"Nyeri","shapeID":"32016919B26862024603939","level":"county","source":"geoBoundaries gbOpen KEN ADM1 (RCMRD GeoPortal)","license":"geoBoundaries gbOpen — underlying source Public Domain; cite geoBoundaries (CC BY 4.0 citation requested)","classification":"official","approximate":false},"geometry":{"type":"Polygon","coordinates":[[[36.65747,-0.15308],[36.67866,-0.17441],[36.61252,-0.31153],[36.60632,-0.33476],[36.61355,-0.35658],[36.60115,-0.373],[36.61826,-0.3823],[36.63044,-0.38954],[36.62251,-0.40378],[36.6356,-0.41974],[36.64858,-0.46143],[36.66236,-0.46533],[36.65903,-0.49163],[36.66121,-0.52505],[36.66592,-0.54526],[36.67051,-0.57731],[36.68005,-0.59671],[36.69015,-0.61337],[36.70411,-0.62867],[36.70845,-0.608],[36.70609,-0.59545],[36.72111,-0.57166],[36.73795,-0.57038],[36.74645,-0.57161],[36.77173,-0.56778],[36.78871,-0.57094],[36.80796,-0.57299],[36.8108,-0.58028],[36.82082,-0.58478],[36.84446,-0.59374],[36.86699,-0.60588],[36.88372,-0.6113],[36.89305,-0.60883],[36.92128,-0.60933],[36.95035,-0.59376],[36.96617,-0.58677],[36.97677,-0.57959],[36.98684,-0.57606],[36.99628,-0.58428],[37.00557,-0.58561],[37.02659,-0.59155],[37.04345,-0.59445],[37.05552,-0.60219],[37.06282,-0.61201],[37.06779,-0.61119],[37.07751,-0.61555],[37.08555,-0.62332],[37.09882,-0.6276],[37.10056,-0.63683],[37.1226,-0.64357],[37.15165,-0.64111],[37.15966,-0.6372],[37.17072,-0.63174],[37.17226,-0.62741],[37.17521,-0.61999],[37.17814,-0.6151],[37.17662,-0.59994],[37.16881,-0.59611],[37.16489,-0.59324],[37.14894,-0.58043],[37.14413,-0.5703],[37.14811,-0.56382],[37.14618,-0.54478],[37.14642,-0.53425],[37.16702,-0.50383],[37.16362,-0.49545],[37.16075,-0.49423],[37.16493,-0.4893],[37.17679,-0.48293],[37.17483,-0.44252],[37.17887,-0.44109],[37.19365,-0.44311],[37.19937,-0.43012],[37.20532,-0.41636],[37.13541,-0.04134],[37.1237,-0.05447],[37.09987,-0.0279],[37.08747,-0.01651],[37.07624,-0.0009],[37.07686,0.00981],[37.06323,0.00188],[37.04966,-0.01505],[37.02436,-0.0491],[36.98786,-0.06652],[36.97699,-0.07082],[36.97805,-0.0761],[36.98062,-0.09857],[36.99382,-0.1457],[37.00237,-0.14993],[37.00443,-0.17679],[37.00703,-0.2212],[37.0116,-0.2318],[37.00791,-0.24043],[37.00117,-0.24876],[36.9958,-0.27131],[36.96122,-0.28472],[36.86884,-0.24904],[36.841,-0.21603],[36.83759,-0.19774],[36.85011,-0.19763],[36.86213,-0.18822],[36.86897,-0.18],[36.86776,-0.1723],[36.86251,-0.1598],[36.85702,-0.15014],[36.85957,-0.14349],[36.84365,-0.13738],[36.82906,-0.1036],[36.76494,-0.11475],[36.75219,-0.12084],[36.7108,-0.13674],[36.65747,-0.15308]]]}},{"type":"Feature","properties":{"code":"004","name":"Tana River","sourceName":"Tana River","shapeID":"32016919B56782604912852","level":"county","source":"geoBoundaries gbOpen KEN ADM1 (RCMRD GeoPortal)","license":"geoBoundaries gbOpen — underlying source Public Domain; cite geoBoundaries (CC BY 4.0 citation requested)","classification":"official","approximate":false},"geometry":{"type":"Polygon","coordinates":[[[38.43415,-0.07482],[38.95341,-1.03176],[38.98382,-1.69412],[38.9748,-1.69604],[38.95846,-1.70279],[38.79523,-2.33967],[38.78775,-2.34087],[38.78199,-2.35344],[38.77038,-2.35217],[38.76373,-2.35477],[38.75549,-2.36154],[38.73708,-2.36578],[38.7323,-2.37769],[38.72596,-2.38342],[38.72098,-2.38667],[38.71384,-2.39548],[38.70289,-2.40353],[38.68676,-2.4105],[38.67823,-2.41256],[38.6462,-2.41786],[38.63189,-2.41515],[38.62653,-2.41048],[39.07884,-3.04305],[39.08236,-3.05247],[39.08749,-3.04976],[39.10231,-3.03596],[39.12729,-3.01918],[39.12935,-3.02924],[39.13214,-3.04143],[39.14239,-3.04907],[39.15099,-3.04496],[39.16195,-3.05895],[39.16862,-3.06514],[39.17443,-3.05675],[39.18186,-3.0632],[39.20413,-3.06634],[39.21774,-3.06775],[39.21703,-3.07214],[39.21731,-3.0728],[39.21837,-3.0695],[39.88972,-2.31006],[40.17568,-2.71367],[40.17856,-2.71773],[40.17906,-2.71836],[40.17969,-2.71574],[40.18102,-2.71251],[40.18732,-2.70581],[40.18748,-2.70339],[40.17987,-2.70349],[40.17706,-2.69699],[40.18019,-2.6916],[40.18209,-2.68119],[40.1849,-2.6824],[40.19086,-2.68212],[40.20189,-2.6791],[40.20472,-2.69157],[40.19993,-2.69733],[40.20335,-2.70058],[40.20084,-2.70328],[40.19465,-2.71031],[40.1933,-2.71261],[40.19436,-2.71625],[40.1946,-2.72096],[40.19182,-2.72156],[40.18789,-2.72354],[40.1925,-2.72254],[40.19575,-2.72729],[40.19614,-2.73261],[40.23327,-2.67774],[40.25953,-2.64342],[40.26955,-2.63037],[40.29055,-2.6131],[40.29973,-2.60781],[40.34037,-2.58427],[40.33768,-2.58945],[40.3327,-2.59303],[40.31624,-2.60241],[40.29172,-2.61593],[40.28058,-2.62914],[40.27336,-2.62878],[40.26899,-2.63986],[40.27678,-2.63597],[40.32892,-2.59739],[40.40029,-2.56052],[40.4614,-2.53677],[40.51275,-2.52946],[40.51285,-2.52789],[40.50782,-2.52407],[40.50446,-2.52266],[40.49718,-2.52184],[40.49353,-2.51825],[40.48091,-2.5249],[40.4655,-2.53166],[40.45365,-2.53613],[40.45029,-2.53504],[40.44433,-2.5319],[40.44427,-2.52397],[40.45529,-2.52163],[40.45711,-2.51415],[40.4591,-2.50896],[40.46288,-2.50276],[40.46935,-2.51074],[40.47403,-2.5061],[40.46589,-2.49847],[40.47479,-2.50249],[40.47854,-2.49634],[40.4845,-2.49418],[40.48876,-2.49168],[40.49379,-2.49383],[40.49978,-2.50473],[40.49876,-2.49817],[40.50221,-2.49381],[40.50936,-2.49676],[40.51253,-2.5031],[40.51567,-2.50525],[40.51086,-2.51947],[40.52345,-2.52579],[40.54185,-2.53221],[40.56973,-2.54805],[40.59891,-2.55658],[40.61448,-2.55181],[40.6438,-2.5328],[40.67975,-2.49098],[40.73062,-2.45602],[40.66366,-2.46789],[40.44075,-2.39754],[40.44067,-2.39752],[40.24951,-2.24878],[40.20794,-2.03289],[40.20455,-2.01527],[40.19688,-1.98053],[40.18599,-1.95979],[40.18653,-1.89417],[40.18752,-1.86291],[40.16726,-1.83395],[40.16262,-1.80413],[40.15771,-1.76375],[40.16915,-1.7355],[40.1684,-1.7175],[40.15823,-1.69733],[40.15991,-1.64457],[40.154,-1.60781],[40.14325,-1.58639],[40.11489,-1.5529],[40.10514,-1.50794],[40.09799,-1.49683],[40.08728,-1.47434],[40.0709,-1.47088],[40.03256,-1.48737],[40.03648,-1.48256],[40.03532,-1.47481],[40.03201,-1.46269],[40.02958,-1.45248],[40.03429,-1.43264],[40.03216,-1.42548],[40.02451,-1.42209],[40.01253,-1.38164],[40.01461,-1.37633],[40.01071,-1.36894],[40.00469,-1.36312],[40.00433,-1.35415],[40.00704,-1.33457],[40.00431,-1.32464],[39.99937,-1.30892],[39.99739,-1.29846],[39.99918,-1.28591],[40.00573,-1.28033],[40.00472,-1.26987],[40.00869,-1.25718],[40.00133,-1.25466],[40.00797,-1.2401],[39.99673,-1.23951],[40,-1.23362],[40.00042,-1.2152],[39.99106,-1.21275],[39.99123,-1.20521],[39.98313,-1.20402],[39.98103,-1.19316],[39.96948,-1.17658],[39.96232,-1.15679],[39.95349,-1.14226],[39.94376,-1.13112],[39.93644,-1.13285],[39.93239,-1.12909],[39.92951,-1.10524],[39.92085,-1.07868],[39.91669,-1.06934],[39.91708,-1.06042],[39.90834,-1.05129],[39.91269,-1.04245],[39.89904,-1.02813],[39.89896,-1.00919],[39.88948,-1.00573],[39.88573,-0.99513],[39.88765,-0.98563],[39.88551,-0.97933],[39.88823,-0.97437],[39.89355,-0.97361],[39.88569,-0.96796],[39.87849,-0.95897],[39.8818,-0.95102],[39.8734,-0.95871],[39.87107,-0.95138],[39.87143,-0.94311],[39.87846,-0.93669],[39.87259,-0.92773],[39.86073,-0.92606],[39.86451,-0.91593],[39.85824,-0.90583],[39.85157,-0.89691],[39.85048,-0.88884],[39.85166,-0.88505],[39.8596,-0.88133],[39.85125,-0.87113],[39.8568,-0.85351],[39.85305,-0.84715],[39.84845,-0.84837],[39.84471,-0.85351],[39.84295,-0.846],[39.83681,-0.83819],[39.83993,-0.83562],[39.84737,-0.83901],[39.84543,-0.81958],[39.83582,-0.81101],[39.84218,-0.80436],[39.83271,-0.80305],[39.8254,-0.80377],[39.8346,-0.79596],[39.83131,-0.79096],[39.82427,-0.78764],[39.82725,-0.78078],[39.81236,-0.77672],[39.80974,-0.7698],[39.8161,-0.76695],[39.80893,-0.76154],[39.81173,-0.75574],[39.81547,-0.74703],[39.82391,-0.74189],[39.81565,-0.73988],[39.80532,-0.727],[39.80952,-0.72863],[39.81191,-0.71613],[39.80952,-0.71074],[39.81069,-0.70393],[39.80496,-0.70194],[39.80771,-0.69468],[39.80252,-0.69813],[39.79556,-0.68123],[39.7976,-0.67012],[39.79045,-0.67187],[39.78901,-0.66043],[39.7795,-0.66177],[39.76963,-0.63394],[39.76947,-0.62655],[39.7766,-0.61313],[39.75755,-0.60548],[39.75288,-0.60097],[39.7459,-0.59995],[39.73881,-0.59268],[39.7387,-0.58758],[39.73087,-0.59359],[39.7139,-0.59088],[39.70472,-0.59437],[39.69624,-0.5893],[39.70016,-0.5821],[39.69527,-0.58538],[39.69205,-0.58382],[39.68561,-0.57443],[39.68615,-0.56071],[39.6833,-0.55094],[39.67595,-0.55733],[39.67364,-0.54893],[39.66827,-0.54683],[39.66327,-0.54893],[39.668,-0.53652],[39.64749,-0.51653],[39.64003,-0.49545],[39.62886,-0.47087],[39.6353,-0.45728],[39.62505,-0.44845],[39.6193,-0.43831],[39.61093,-0.43981],[39.61055,-0.40816],[39.60497,-0.40341],[39.60283,-0.39595],[39.6003,-0.38945],[39.59783,-0.37973],[39.59439,-0.37259],[39.5979,-0.36694],[39.59685,-0.35873],[39.58965,-0.35688],[39.587,-0.3471],[39.58472,-0.34049],[39.57792,-0.33673],[39.56173,-0.32874],[39.554,-0.31716],[39.55116,-0.3073],[39.54845,-0.29647],[39.54007,-0.29015],[39.52962,-0.28773],[39.52066,-0.29624],[39.5126,-0.29817],[39.51712,-0.28563],[39.51505,-0.2777],[39.50932,-0.26987],[39.50209,-0.25549],[39.49017,-0.24937],[39.48223,-0.24173],[39.47488,-0.23921],[39.46979,-0.23302],[39.46734,-0.22113],[39.45735,-0.21616],[39.4449,-0.20984],[39.436,-0.1982],[39.4273,-0.18976],[39.41247,-0.1915],[39.40022,-0.19543],[39.39687,-0.18839],[39.3841,-0.19052],[39.37383,-0.178],[39.36001,-0.16278],[39.3544,-0.16853],[39.35432,-0.1612],[39.3473,-0.16395],[39.33583,-0.16516],[39.32469,-0.15785],[39.32784,-0.14549],[39.3133,-0.13298],[39.305,-0.13966],[39.29551,-0.13613],[39.27526,-0.13718],[39.26348,-0.14092],[39.25568,-0.14521],[39.25467,-0.13874],[39.23801,-0.13786],[39.2265,-0.13651],[39.22645,-0.12999],[39.21159,-0.13529],[39.20512,-0.14153],[39.1918,-0.14084],[39.17064,-0.1368],[39.16337,-0.12656],[39.14087,-0.13009],[39.13228,-0.12587],[39.12055,-0.12062],[39.11901,-0.11373],[39.10968,-0.10473],[39.10167,-0.09815],[39.0979,-0.08805],[39.08654,-0.07643],[39.07408,-0.06484],[39.06532,-0.04632],[39.0493,-0.05261],[39.03593,-0.05364],[39.02564,-0.04409],[39.01646,-0.04444],[39.00161,-0.05523],[38.99768,-0.04897],[38.99137,-0.05661],[38.98171,-0.06033],[38.97195,-0.059],[38.96829,-0.07168],[38.96696,-0.08227],[38.95476,-0.08596],[38.93834,-0.09921],[38.92007,-0.08582],[38.89153,-0.09439],[38.86045,-0.09171],[38.83481,-0.09359],[38.78651,-0.07871],[38.76868,-0.06875],[38.75209,-0.07169],[38.74008,-0.06936],[38.7146,-0.06004],[38.69053,-0.03968],[38.68621,-0.05158],[38.67883,-0.0532],[38.65793,-0.04507],[38.64949,-0.0519],[38.62552,-0.03796],[38.60921,-0.02804],[38.59458,-0.03021],[38.58,-0.02282],[38.56168,-0.0181],[38.54982,-0.01778],[38.54279,-0.03084],[38.53631,-0.04116],[38.5318,-0.0539],[38.52074,-0.06239],[38.51181,-0.05878],[38.50174,-0.06183],[38.48806,-0.06126],[38.4822,-0.07474],[38.47054,-0.07802],[38.45872,-0.08479],[38.43822,-0.07024],[38.43415,-0.07482]]]}},{"type":"Feature","properties":{"code":"015","name":"Kitui","sourceName":"Kitui","shapeID":"32016919B87039477224343","level":"county","source":"geoBoundaries gbOpen KEN ADM1 (RCMRD GeoPortal)","license":"geoBoundaries gbOpen — underlying source Public Domain; cite geoBoundaries (CC BY 4.0 citation requested)","classification":"official","approximate":false},"geometry":{"type":"Polygon","coordinates":[[[38.4207,-0.06928],[38.40347,-0.07494],[38.39281,-0.07236],[38.38149,-0.08551],[38.36615,-0.07656],[38.33995,-0.06025],[38.32956,-0.06546],[38.313,-0.05168],[38.3042,-0.05717],[38.29023,-0.07562],[38.27987,-0.08243],[38.27314,-0.09215],[38.26264,-0.09068],[38.25029,-0.08407],[38.23501,-0.09234],[38.22124,-0.10254],[38.21239,-0.12392],[38.20641,-0.14304],[38.19733,-0.14311],[38.18813,-0.14978],[38.18363,-0.16409],[38.18187,-0.18935],[38.16237,-0.2266],[38.16246,-0.23491],[38.15286,-0.23775],[38.14538,-0.23842],[38.13888,-0.24537],[38.12764,-0.26183],[38.11478,-0.27262],[38.10411,-0.27518],[38.10131,-0.27848],[38.0808,-0.2746],[38.04475,-0.27522],[38.02699,-0.26863],[38.00697,-0.26656],[37.99805,-0.26594],[37.99286,-0.28645],[37.98275,-0.30578],[37.98019,-0.31258],[37.98597,-0.32306],[37.97203,-0.34351],[37.97813,-0.35394],[37.97377,-0.36954],[37.96996,-0.3811],[37.96497,-0.40076],[37.96183,-0.41257],[37.95184,-0.42537],[37.94532,-0.42706],[37.93647,-0.42731],[37.93451,-0.4354],[37.91399,-0.46476],[37.9001,-0.49802],[37.88199,-0.53469],[37.88743,-0.554],[37.88278,-0.58166],[37.90109,-0.6007],[37.91879,-0.62798],[37.89304,-0.64475],[37.89634,-0.66882],[37.89742,-0.68351],[37.8986,-0.70341],[37.90031,-0.70918],[37.9077,-0.71021],[37.91161,-0.7072],[37.91541,-0.72843],[37.91267,-0.73907],[37.9052,-0.7516],[37.89082,-0.76665],[37.88397,-0.7812],[37.87993,-0.79315],[37.88331,-0.79976],[37.87743,-0.80401],[37.86647,-0.80784],[37.85471,-0.80815],[37.84613,-0.8122],[37.84764,-0.81957],[37.84925,-0.83078],[37.84206,-0.83859],[37.84201,-0.84322],[37.83851,-0.84812],[37.83199,-0.85233],[37.83052,-0.85663],[37.83208,-0.86283],[37.82773,-0.87094],[37.82608,-0.87444],[37.82291,-0.88106],[37.82305,-0.88926],[37.8186,-0.89693],[37.82986,-0.90071],[37.83459,-0.91133],[37.83856,-0.91897],[37.84159,-0.92218],[37.84272,-0.92649],[37.85067,-0.93107],[37.85218,-0.93599],[37.85062,-0.93966],[37.84632,-0.94084],[37.84674,-0.946],[37.84958,-0.95172],[37.85417,-0.96125],[37.85095,-0.95822],[37.84523,-0.96375],[37.84906,-0.96484],[37.858,-0.96456],[37.86334,-0.96801],[37.86684,-0.97203],[37.86708,-0.97669],[37.86566,-0.98137],[37.85866,-0.98412],[37.84963,-0.99],[37.84655,-0.99369],[37.84736,-1.02543],[37.84674,-1.04066],[37.84168,-1.05123],[37.82986,-1.06828],[37.81936,-1.07022],[37.80683,-1.09282],[37.79652,-1.12707],[37.59398,-1.08594],[37.60602,-1.14498],[37.6177,-1.14296],[37.62583,-1.15287],[37.63845,-1.17024],[37.65451,-1.20055],[37.66038,-1.2107],[37.66565,-1.21679],[37.67043,-1.22443],[37.68423,-1.23451],[37.68852,-1.24249],[37.68975,-1.24712],[37.68887,-1.24934],[37.69227,-1.25062],[37.69665,-1.26898],[37.70794,-1.28833],[37.71331,-1.29924],[37.71617,-1.30274],[37.72337,-1.32211],[37.7314,-1.33527],[37.73736,-1.34178],[37.73997,-1.3485],[37.74515,-1.35225],[37.74791,-1.35718],[37.75609,-1.35705],[37.76516,-1.35454],[37.77482,-1.36092],[37.78315,-1.37122],[37.78802,-1.37576],[37.79621,-1.38791],[37.79769,-1.39582],[37.80355,-1.39453],[37.80774,-1.4144],[37.80951,-1.42053],[37.81178,-1.42669],[37.81331,-1.4349],[37.81715,-1.44229],[37.81915,-1.44732],[37.79892,-1.45407],[37.77787,-1.47965],[37.75082,-1.48983],[37.71918,-1.49288],[37.70971,-1.48867],[37.69458,-1.49856],[37.70589,-1.50728],[37.71931,-1.52166],[37.72478,-1.5293],[37.7419,-1.553],[37.74979,-1.55535],[37.75332,-1.56638],[37.76028,-1.57701],[37.7718,-1.58357],[37.77536,-1.59161],[37.78179,-1.6044],[37.79127,-1.62002],[37.79534,-1.62791],[37.80049,-1.64874],[37.80412,-1.65396],[37.80984,-1.6593],[37.81996,-1.66538],[37.81964,-1.67556],[37.82378,-1.68332],[37.83014,-1.68542],[37.83682,-1.69067],[37.83714,-1.699],[37.84184,-1.7109],[37.84426,-1.72315],[37.85495,-1.75435],[37.85349,-1.7639],[37.85113,-1.76781],[37.84471,-1.76609],[37.83771,-1.7792],[37.86627,-1.81629],[37.87868,-1.83105],[37.88612,-1.83359],[37.89147,-1.84196],[37.88351,-1.85239],[37.89185,-1.85913],[37.89777,-1.86935],[37.90425,-1.89985],[37.9068,-1.90418],[37.91698,-1.90341],[37.91214,-1.91286],[37.91024,-1.9273],[37.91367,-1.94197],[37.91246,-1.95431],[37.92862,-1.99076],[37.93505,-2.00054],[37.93853,-2.00999],[37.94128,-2.02159],[37.93641,-2.03181],[37.94488,-2.03438],[37.95306,-2.04722],[37.95635,-2.06262],[37.95539,-2.09456],[37.95384,-2.10623],[37.95201,-2.1309],[37.96082,-2.14145],[37.9628,-2.16533],[37.9691,-2.16618],[37.98087,-2.16022],[37.99754,-2.15295],[38.01946,-2.14605],[38.02369,-2.15757],[38.03599,-2.1659],[38.04757,-2.1676],[38.0462,-2.17883],[38.05316,-2.1916],[38.06198,-2.21006],[38.06706,-2.21495],[38.06178,-2.22043],[38.07005,-2.23944],[38.07502,-2.25405],[38.08126,-2.25904],[38.08597,-2.27013],[38.09655,-2.27041],[38.1105,-2.28458],[38.10962,-2.29416],[38.11401,-2.30116],[38.12326,-2.31772],[38.15182,-2.32753],[38.17317,-2.33816],[38.19572,-2.34777],[38.21081,-2.35416],[38.2318,-2.40069],[38.24094,-2.4074],[38.24736,-2.41586],[38.26964,-2.42104],[38.27913,-2.44618],[38.28376,-2.4677],[38.28711,-2.48208],[38.29528,-2.48647],[38.30139,-2.4987],[38.31156,-2.50252],[38.31647,-2.51578],[38.32061,-2.52902],[38.31895,-2.53834],[38.32191,-2.54843],[38.33743,-2.55562],[38.33139,-2.56138],[38.3333,-2.56788],[38.3466,-2.58832],[38.35229,-2.60457],[38.36155,-2.637],[38.36625,-2.64845],[38.381,-2.66955],[38.3885,-2.69088],[38.39597,-2.70619],[38.40969,-2.73681],[38.4198,-2.75861],[38.42486,-2.77123],[38.43144,-2.78723],[38.42201,-2.79622],[38.41784,-2.81168],[38.42424,-2.81612],[38.42663,-2.82841],[38.42738,-2.84993],[38.43755,-2.85486],[38.43778,-2.8637],[38.44324,-2.86649],[38.44273,-2.87731],[38.45103,-2.87848],[38.45444,-2.88402],[38.45036,-2.89249],[38.46066,-2.89621],[38.46587,-2.90908],[38.47569,-2.93645],[38.48866,-2.94406],[38.49256,-2.9553],[38.50471,-2.96494],[38.51908,-2.97483],[38.53148,-2.97608],[38.5443,-2.9794],[38.56297,-2.98642],[38.59422,-2.99855],[38.60862,-2.99462],[38.60704,-3.00307],[38.62973,-3.01224],[38.64285,-3.01215],[38.66151,-3.02885],[38.67141,-3.03697],[38.69034,-3.03751],[38.70272,-3.03277],[38.72479,-3.03708],[38.75529,-3.0461],[38.78024,-3.0488],[38.80934,-3.05309],[38.8078,-3.05927],[38.7979,-3.06096],[38.8056,-3.06855],[38.82701,-3.06042],[38.84182,-3.05332],[38.84735,-3.06095],[38.86346,-3.05753],[38.89762,-3.03866],[38.91476,-3.04476],[38.93149,-3.04042],[38.9535,-3.03952],[38.98061,-3.0393],[38.99897,-3.02461],[39.01493,-3.02459],[39.02778,-3.02058],[39.04327,-3.02098],[39.04266,-3.02822],[39.05227,-3.03239],[39.07511,-3.04114],[38.63086,-2.41159],[38.6399,-2.41531],[38.66485,-2.41657],[38.68478,-2.4132],[38.6954,-2.40805],[38.70407,-2.40005],[38.71664,-2.38827],[38.72322,-2.38311],[38.72824,-2.37997],[38.73318,-2.3701],[38.75339,-2.35951],[38.75744,-2.35763],[38.76634,-2.3552],[38.77588,-2.35163],[38.7872,-2.34706],[38.7911,-2.3385],[39.01513,-1.91405],[38.96935,-1.69723],[38.97696,-1.69356],[38.9997,-1.67692],[38.82981,-0.76018],[38.42791,-0.07401],[38.4207,-0.06928]]]}},{"type":"Feature","properties":{"code":"020","name":"Kirinyaga","sourceName":"Kirinyaga","shapeID":"32016919B58720683486854","level":"county","source":"geoBoundaries gbOpen KEN ADM1 (RCMRD GeoPortal)","license":"geoBoundaries gbOpen — underlying source Public Domain; cite geoBoundaries (CC BY 4.0 citation requested)","classification":"official","approximate":false},"geometry":{"type":"Polygon","coordinates":[[[37.16912,-0.63562],[37.17204,-0.64226],[37.1728,-0.64986],[37.17664,-0.65647],[37.18005,-0.66285],[37.19943,-0.6635],[37.21008,-0.68261],[37.22588,-0.67289],[37.23285,-0.66767],[37.23609,-0.67677],[37.24058,-0.68904],[37.24147,-0.69361],[37.24217,-0.70272],[37.24901,-0.7073],[37.25429,-0.72033],[37.25019,-0.72053],[37.2514,-0.72617],[37.25697,-0.73478],[37.26215,-0.74487],[37.26973,-0.75366],[37.26031,-0.75106],[37.25669,-0.75237],[37.26097,-0.76932],[37.26729,-0.78533],[37.27525,-0.75558],[37.29666,-0.75441],[37.31725,-0.74943],[37.32705,-0.76367],[37.35892,-0.76886],[37.36894,-0.76351],[37.37006,-0.75846],[37.38182,-0.7557],[37.4013,-0.74886],[37.43891,-0.73361],[37.46322,-0.73473],[37.47325,-0.72612],[37.48529,-0.73023],[37.49589,-0.73181],[37.49216,-0.7237],[37.48706,-0.71816],[37.48276,-0.71575],[37.47684,-0.70695],[37.47809,-0.68984],[37.47389,-0.68597],[37.4762,-0.67758],[37.47361,-0.65986],[37.47495,-0.64377],[37.47894,-0.62753],[37.48537,-0.62526],[37.48204,-0.60402],[37.47825,-0.59719],[37.4785,-0.59061],[37.48318,-0.58235],[37.47252,-0.55985],[37.46119,-0.55653],[37.44948,-0.54862],[37.44382,-0.52854],[37.43672,-0.52275],[37.42607,-0.5105],[37.42539,-0.49905],[37.42282,-0.48639],[37.42627,-0.46822],[37.4209,-0.44372],[37.42288,-0.41815],[37.42342,-0.40845],[37.42112,-0.40408],[37.30779,-0.15107],[37.20554,-0.42507],[37.19967,-0.43904],[37.18608,-0.44377],[37.17609,-0.44106],[37.17465,-0.4682],[37.17019,-0.48801],[37.16167,-0.49183],[37.16173,-0.49598],[37.16328,-0.50056],[37.16798,-0.50707],[37.14773,-0.53927],[37.14956,-0.55423],[37.14416,-0.56283],[37.14884,-0.57371],[37.15922,-0.59182],[37.16788,-0.5915],[37.17176,-0.59857],[37.17861,-0.60505],[37.17405,-0.61606],[37.17233,-0.62329],[37.17662,-0.63309],[37.16912,-0.63562]]]}},{"type":"Feature","properties":{"code":"014","name":"Embu","sourceName":"Embu","shapeID":"32016919B43560273720920","level":"county","source":"geoBoundaries gbOpen KEN ADM1 (RCMRD GeoPortal)","license":"geoBoundaries gbOpen — underlying source Public Domain; cite geoBoundaries (CC BY 4.0 citation requested)","classification":"official","approximate":false},"geometry":{"type":"Polygon","coordinates":[[[37.30779,-0.15107],[37.42112,-0.40408],[37.42342,-0.40845],[37.42288,-0.41815],[37.4209,-0.44372],[37.42627,-0.46822],[37.42282,-0.48639],[37.42539,-0.49905],[37.42607,-0.5105],[37.43672,-0.52275],[37.44382,-0.52854],[37.44948,-0.54862],[37.46119,-0.55653],[37.47252,-0.55985],[37.48318,-0.58235],[37.4785,-0.59061],[37.47825,-0.59719],[37.48204,-0.60402],[37.48537,-0.62526],[37.47894,-0.62753],[37.47495,-0.64377],[37.47361,-0.65986],[37.4762,-0.67758],[37.47389,-0.68597],[37.47809,-0.68984],[37.47684,-0.70695],[37.48276,-0.71575],[37.48706,-0.71816],[37.49216,-0.7237],[37.49589,-0.73181],[37.48529,-0.73023],[37.47325,-0.72612],[37.46322,-0.73473],[37.43891,-0.73361],[37.4013,-0.74886],[37.38182,-0.7557],[37.37006,-0.75846],[37.36894,-0.76351],[37.35892,-0.76886],[37.32705,-0.76367],[37.31725,-0.74943],[37.29666,-0.75441],[37.27525,-0.75558],[37.26729,-0.78533],[37.28572,-0.78289],[37.29873,-0.79505],[37.30453,-0.80007],[37.30547,-0.81287],[37.31279,-0.81897],[37.32005,-0.83546],[37.32598,-0.83661],[37.32292,-0.84007],[37.33299,-0.84434],[37.34191,-0.84219],[37.34876,-0.84193],[37.35581,-0.84331],[37.36972,-0.84897],[37.37616,-0.85462],[37.38456,-0.8519],[37.39788,-0.85606],[37.4121,-0.85026],[37.41064,-0.85858],[37.42607,-0.866],[37.44052,-0.8624],[37.45298,-0.87163],[37.46199,-0.87551],[37.47043,-0.87673],[37.47137,-0.88618],[37.48302,-0.89496],[37.49026,-0.90097],[37.49712,-0.90462],[37.50429,-0.89726],[37.51792,-0.91268],[37.52435,-0.91225],[37.53435,-0.91022],[37.53367,-0.89385],[37.54444,-0.88501],[37.54864,-0.88042],[37.56113,-0.87297],[37.57642,-0.87479],[37.58897,-0.87165],[37.59195,-0.86664],[37.58914,-0.86199],[37.60299,-0.86025],[37.6162,-0.8529],[37.62033,-0.84949],[37.62867,-0.84742],[37.63018,-0.83697],[37.64099,-0.84359],[37.65841,-0.84573],[37.66621,-0.83982],[37.67205,-0.8273],[37.68167,-0.82092],[37.68237,-0.80705],[37.68394,-0.79288],[37.69044,-0.79519],[37.6929,-0.78977],[37.69895,-0.78289],[37.7197,-0.77837],[37.73291,-0.77339],[37.74455,-0.77911],[37.74987,-0.80165],[37.75478,-0.81397],[37.75813,-0.82188],[37.77078,-0.81872],[37.78436,-0.82006],[37.79573,-0.81588],[37.80198,-0.80657],[37.80783,-0.80267],[37.80796,-0.81373],[37.81461,-0.80645],[37.82907,-0.80462],[37.83677,-0.81184],[37.84551,-0.80983],[37.86057,-0.81028],[37.87122,-0.80959],[37.88326,-0.80249],[37.88052,-0.79678],[37.88326,-0.78631],[37.89277,-0.77763],[37.90303,-0.75719],[37.90935,-0.74687],[37.91201,-0.73483],[37.91344,-0.72343],[37.90958,-0.7071],[37.90471,-0.70859],[37.89932,-0.70768],[37.9039,-0.68497],[37.8948,-0.68032],[37.89313,-0.65733],[37.90697,-0.6378],[37.92192,-0.62319],[37.90074,-0.59578],[37.88659,-0.56693],[37.88286,-0.54172],[37.89249,-0.50908],[37.9118,-0.47309],[37.92896,-0.44803],[37.93462,-0.42905],[37.93274,-0.42679],[37.92679,-0.42736],[37.92023,-0.42132],[37.91598,-0.41282],[37.90762,-0.40886],[37.90189,-0.39849],[37.8913,-0.39332],[37.89075,-0.38237],[37.89479,-0.37379],[37.88991,-0.36546],[37.89103,-0.34806],[37.88662,-0.34214],[37.8736,-0.34903],[37.87018,-0.36222],[37.86515,-0.36955],[37.8564,-0.38817],[37.85213,-0.38896],[37.84574,-0.40057],[37.83202,-0.40419],[37.83077,-0.40832],[37.82914,-0.41213],[37.82559,-0.41276],[37.82056,-0.41671],[37.81569,-0.42613],[37.80203,-0.43612],[37.78472,-0.44637],[37.76883,-0.44833],[37.74802,-0.44487],[37.7355,-0.44609],[37.72719,-0.45044],[37.72032,-0.44985],[37.70365,-0.44139],[37.694,-0.43758],[37.6821,-0.42595],[37.66623,-0.42174],[37.65498,-0.41304],[37.63739,-0.3974],[37.63383,-0.39226],[37.62505,-0.38954],[37.61264,-0.38327],[37.58945,-0.37474],[37.57996,-0.37022],[37.56303,-0.36527],[37.30779,-0.15107]]]}},{"type":"Feature","properties":{"code":"043","name":"Homa Bay","sourceName":"Homa Bay","shapeID":"32016919B3301153840115","level":"county","source":"geoBoundaries gbOpen KEN ADM1 (RCMRD GeoPortal)","license":"geoBoundaries gbOpen — underlying source Public Domain; cite geoBoundaries (CC BY 4.0 citation requested)","classification":"official","approximate":false},"geometry":{"type":"Polygon","coordinates":[[[33.94766,-0.33718],[33.91998,-0.5618],[34.08098,-0.80242],[34.10957,-0.78121],[34.12072,-0.78294],[34.13571,-0.77253],[34.15586,-0.76602],[34.17197,-0.77147],[34.17857,-0.76002],[34.20202,-0.75044],[34.21238,-0.7676],[34.22626,-0.77875],[34.23539,-0.79058],[34.24591,-0.80567],[34.26408,-0.81409],[34.27773,-0.82596],[34.29478,-0.83678],[34.30025,-0.84272],[34.33534,-0.86128],[34.33669,-0.85491],[34.37079,-0.84965],[34.37476,-0.84641],[34.3818,-0.8461],[34.39294,-0.83066],[34.38787,-0.82253],[34.38652,-0.81571],[34.43258,-0.83741],[34.47633,-0.83059],[34.49646,-0.80506],[34.48064,-0.79452],[34.48531,-0.78449],[34.50016,-0.77392],[34.50578,-0.76707],[34.50227,-0.76493],[34.51645,-0.75964],[34.5336,-0.7477],[34.53971,-0.72591],[34.54572,-0.68968],[34.54766,-0.69076],[34.55663,-0.66979],[34.56392,-0.66705],[34.57814,-0.66256],[34.58832,-0.66202],[34.59755,-0.65342],[34.6158,-0.65381],[34.62622,-0.65766],[34.63766,-0.66513],[34.66223,-0.60426],[34.70434,-0.57447],[34.76719,-0.54405],[34.84914,-0.51086],[34.88044,-0.48899],[34.93877,-0.46549],[35.00086,-0.42778],[35.0214,-0.40518],[35.01762,-0.39627],[35.01023,-0.39123],[35.00728,-0.39843],[35.00316,-0.40451],[34.99783,-0.40424],[34.98687,-0.41309],[34.97446,-0.40944],[34.966,-0.41161],[34.96347,-0.41415],[34.95729,-0.41433],[34.94849,-0.41404],[34.94403,-0.41278],[34.9357,-0.41058],[34.92855,-0.40558],[34.92592,-0.40348],[34.92152,-0.4038],[34.91304,-0.39665],[34.91502,-0.38508],[34.90765,-0.3893],[34.89709,-0.39469],[34.88774,-0.40144],[34.87849,-0.39611],[34.87243,-0.39552],[34.8621,-0.39732],[34.85767,-0.39193],[34.83339,-0.38793],[34.82267,-0.38581],[34.82512,-0.38297],[34.82269,-0.37088],[34.81063,-0.35595],[34.80901,-0.35094],[34.79811,-0.35409],[34.7902,-0.34776],[34.79261,-0.34134],[34.78546,-0.34127],[34.78324,-0.33551],[34.78442,-0.3312],[34.79014,-0.33055],[34.7872,-0.3245],[34.78553,-0.32198],[34.78137,-0.32298],[34.77546,-0.31683],[34.76884,-0.30975],[34.76245,-0.31174],[34.75684,-0.30454],[34.75503,-0.2959],[34.70638,-0.25805],[34.48342,-0.29927],[34.32401,-0.4177],[34.30756,-0.42535],[34.29395,-0.42346],[34.28217,-0.4131],[33.94766,-0.33718]]]}},{"type":"Feature","properties":{"code":"036","name":"Bomet","sourceName":"Bomet","shapeID":"32016919B53683499362611","level":"county","source":"geoBoundaries gbOpen KEN ADM1 (RCMRD GeoPortal)","license":"geoBoundaries gbOpen — underlying source Public Domain; cite geoBoundaries (CC BY 4.0 citation requested)","classification":"official","approximate":false},"geometry":{"type":"Polygon","coordinates":[[[35.45109,-0.3654],[35.43453,-0.37813],[35.41514,-0.40127],[35.40427,-0.40126],[35.39058,-0.40384],[35.38031,-0.4006],[35.37563,-0.40462],[35.35863,-0.4063],[35.34117,-0.40582],[35.33141,-0.40456],[35.32736,-0.41042],[35.30646,-0.42445],[35.28987,-0.42421],[35.27742,-0.41954],[35.25918,-0.42441],[35.24952,-0.42075],[35.23549,-0.4237],[35.22925,-0.42598],[35.22794,-0.42926],[35.22676,-0.43752],[35.2202,-0.44845],[35.21712,-0.45163],[35.21429,-0.45837],[35.20949,-0.46317],[35.22011,-0.4708],[35.21679,-0.47678],[35.20641,-0.47942],[35.20414,-0.48033],[35.19667,-0.48375],[35.18752,-0.48346],[35.18415,-0.48537],[35.18075,-0.47991],[35.17742,-0.48138],[35.17279,-0.46939],[35.1668,-0.47137],[35.16191,-0.46787],[35.14974,-0.46619],[35.14567,-0.46033],[35.14139,-0.45649],[35.13489,-0.46564],[35.1189,-0.45934],[35.11042,-0.46555],[35.10147,-0.46848],[35.09657,-0.47341],[35.09037,-0.47106],[35.08557,-0.47527],[35.08221,-0.47547],[35.07883,-0.48132],[35.07626,-0.48551],[35.07315,-0.48992],[35.05832,-0.49138],[35.05233,-0.49628],[35.05602,-0.50747],[35.05177,-0.51831],[35.04771,-0.5245],[35.05241,-0.53405],[35.05183,-0.54263],[35.05077,-0.55248],[35.05002,-0.56506],[35.04928,-0.57151],[35.05507,-0.58972],[35.06157,-0.60258],[35.05809,-0.61386],[35.06117,-0.62336],[35.06234,-0.63368],[35.05478,-0.64518],[35.05466,-0.65622],[35.06275,-0.67125],[35.06479,-0.67791],[35.06873,-0.69509],[35.04909,-0.70241],[35.09114,-0.8005],[35.03161,-0.84456],[35.02534,-0.86104],[35.02386,-0.87413],[35.01812,-0.87094],[35.01337,-0.88445],[35.08222,-0.9055],[35.24867,-1.03359],[35.25012,-1.02855],[35.25377,-1.02651],[35.26283,-1.01954],[35.27193,-1.01804],[35.2839,-1.0116],[35.29738,-1.00546],[35.30513,-1.00319],[35.31118,-0.99932],[35.31207,-0.996],[35.31843,-0.98833],[35.32253,-0.98653],[35.32828,-0.98378],[35.33081,-0.98313],[35.33174,-0.97625],[35.33805,-0.9746],[35.34678,-0.97304],[35.34867,-0.97878],[35.3483,-0.97271],[35.34946,-0.96951],[35.3541,-0.96646],[35.35667,-0.97014],[35.36034,-0.97014],[35.36472,-0.97617],[35.36806,-0.96924],[35.37481,-0.96623],[35.37836,-0.96216],[35.38432,-0.96016],[35.39114,-0.95823],[35.39658,-0.95812],[35.40172,-0.94931],[35.40638,-0.94839],[35.41938,-0.94689],[35.4221,-0.9412],[35.42339,-0.93582],[35.42384,-0.92498],[35.42202,-0.91946],[35.42596,-0.91889],[35.42382,-0.91152],[35.42755,-0.90565],[35.4282,-0.89993],[35.43073,-0.89551],[35.43862,-0.89577],[35.43732,-0.88885],[35.44203,-0.88659],[35.4449,-0.88364],[35.44757,-0.88524],[35.4502,-0.88256],[35.45226,-0.88449],[35.4544,-0.87829],[35.45817,-0.87543],[35.45928,-0.87122],[35.45967,-0.86461],[35.46735,-0.86179],[35.47004,-0.85783],[35.47581,-0.85203],[35.476,-0.84667],[35.4774,-0.84063],[35.48357,-0.83458],[35.48542,-0.83115],[35.49701,-0.82462],[35.50711,-0.82408],[35.51141,-0.8171],[35.51751,-0.81589],[35.51997,-0.80942],[35.52651,-0.80669],[35.42565,-0.72124],[35.58665,-0.58811],[35.45109,-0.3654]]]}},{"type":"Feature","properties":{"code":"046","name":"Nyamira","sourceName":"Nyamira","shapeID":"32016919B45734544235065","level":"county","source":"geoBoundaries gbOpen KEN ADM1 (RCMRD GeoPortal)","license":"geoBoundaries gbOpen — underlying source Public Domain; cite geoBoundaries (CC BY 4.0 citation requested)","classification":"official","approximate":false},"geometry":{"type":"Polygon","coordinates":[[[35.01961,-0.4124],[34.96881,-0.44173],[34.90319,-0.48384],[34.86206,-0.50133],[34.86676,-0.5046],[34.88283,-0.52387],[34.87862,-0.55137],[34.87506,-0.56507],[34.88127,-0.58539],[34.88316,-0.59308],[34.88666,-0.61518],[34.88021,-0.62006],[34.87551,-0.61311],[34.86985,-0.6144],[34.87054,-0.61997],[34.8606,-0.60749],[34.84589,-0.59545],[34.83493,-0.60391],[34.82581,-0.62177],[34.8159,-0.63168],[34.80968,-0.65174],[34.80848,-0.6666],[34.79881,-0.66546],[34.79051,-0.67303],[34.78952,-0.67619],[34.79447,-0.68859],[34.82061,-0.69165],[34.82625,-0.70364],[34.83628,-0.70837],[34.85332,-0.72518],[34.87973,-0.74142],[34.88736,-0.74692],[34.8959,-0.74576],[34.90662,-0.76023],[34.92253,-0.7609],[34.93421,-0.76589],[34.94389,-0.77312],[35.01337,-0.88445],[35.01812,-0.87094],[35.02386,-0.87413],[35.02534,-0.86104],[35.03161,-0.84456],[35.09114,-0.8005],[35.04909,-0.70241],[35.06873,-0.69509],[35.06479,-0.67791],[35.06275,-0.67125],[35.05466,-0.65622],[35.05478,-0.64518],[35.06234,-0.63368],[35.06117,-0.62336],[35.05809,-0.61386],[35.06157,-0.60258],[35.05507,-0.58972],[35.04928,-0.57151],[35.05002,-0.56506],[35.05077,-0.55248],[35.05183,-0.54263],[35.05241,-0.53405],[35.04771,-0.5245],[35.05177,-0.51831],[35.05602,-0.50747],[35.04929,-0.49709],[35.04245,-0.49963],[35.03421,-0.4892],[35.03875,-0.48392],[35.04195,-0.45513],[35.04391,-0.45108],[35.03834,-0.4374],[35.03213,-0.41948],[35.02579,-0.41378],[35.01961,-0.4124]]]}},{"type":"Feature","properties":{"code":"033","name":"Narok","sourceName":"Narok","shapeID":"32016919B83281423333591","level":"county","source":"geoBoundaries gbOpen KEN ADM1 (RCMRD GeoPortal)","license":"geoBoundaries gbOpen — underlying source Public Domain; cite geoBoundaries (CC BY 4.0 citation requested)","classification":"official","approximate":false},"geometry":{"type":"Polygon","coordinates":[[[35.58665,-0.58811],[35.42565,-0.72124],[35.52651,-0.80669],[35.51997,-0.80942],[35.51751,-0.81589],[35.51141,-0.8171],[35.50711,-0.82408],[35.49701,-0.82462],[35.48542,-0.83115],[35.48357,-0.83458],[35.4774,-0.84063],[35.476,-0.84667],[35.47581,-0.85203],[35.47004,-0.85783],[35.46735,-0.86179],[35.45967,-0.86461],[35.45928,-0.87122],[35.45817,-0.87543],[35.4544,-0.87829],[35.45226,-0.88449],[35.4502,-0.88256],[35.44757,-0.88524],[35.4449,-0.88364],[35.44203,-0.88659],[35.43732,-0.88885],[35.43862,-0.89577],[35.43073,-0.89551],[35.4282,-0.89993],[35.42755,-0.90565],[35.42382,-0.91152],[35.42596,-0.91889],[35.42202,-0.91946],[35.42384,-0.92498],[35.42339,-0.93582],[35.4221,-0.9412],[35.41938,-0.94689],[35.40638,-0.94839],[35.40172,-0.94931],[35.39658,-0.95812],[35.39114,-0.95823],[35.38432,-0.96016],[35.37836,-0.96216],[35.37481,-0.96623],[35.36806,-0.96924],[35.36472,-0.97617],[35.36034,-0.97014],[35.35667,-0.97014],[35.3541,-0.96646],[35.34946,-0.96951],[35.3483,-0.97271],[35.34867,-0.97878],[35.34678,-0.97304],[35.33805,-0.9746],[35.33174,-0.97625],[35.33081,-0.98313],[35.32828,-0.98378],[35.32253,-0.98653],[35.31843,-0.98833],[35.31207,-0.996],[35.31118,-0.99932],[35.30513,-1.00319],[35.29738,-1.00546],[35.2839,-1.0116],[35.27193,-1.01804],[35.26283,-1.01954],[35.25377,-1.02651],[35.25012,-1.02855],[35.24867,-1.03359],[35.08222,-0.9055],[34.67593,-0.97319],[34.66122,-0.9708],[34.64196,-0.96826],[34.59473,-1.04546],[34.61694,-1.07252],[34.61396,-1.08569],[34.62109,-1.10961],[34.63467,-1.14868],[34.63219,-1.15935],[34.64956,-1.17176],[34.65319,-1.18425],[34.66554,-1.19287],[34.6732,-1.20802],[34.68616,-1.20809],[34.73057,-1.38903],[36.00021,-2.10441],[36.02817,-2.08295],[36.03092,-2.03592],[36.03035,-2.02209],[36.03555,-2.00247],[36.03722,-1.99074],[36.03731,-1.97202],[36.04161,-1.96023],[36.04086,-1.94687],[36.04173,-1.93333],[36.03818,-1.92062],[36.03399,-1.9166],[36.04302,-1.91123],[36.04313,-1.90707],[36.03426,-1.90244],[36.02806,-1.8887],[36.03357,-1.88868],[36.03745,-1.89048],[36.03946,-1.87632],[36.0447,-1.87766],[36.04824,-1.86165],[36.04803,-1.8478],[36.04247,-1.8349],[36.04018,-1.82854],[36.03985,-1.82167],[36.03149,-1.82529],[36.03057,-1.82013],[36.02349,-1.80618],[36.01638,-1.80404],[36.02316,-1.79372],[36.02938,-1.78924],[36.03166,-1.78035],[36.0216,-1.77607],[36.03135,-1.76161],[36.03403,-1.76137],[36.03376,-1.75395],[36.03572,-1.74382],[36.04105,-1.73251],[36.04704,-1.73497],[36.04761,-1.71953],[36.03811,-1.7102],[36.04487,-1.71091],[36.05636,-1.71157],[36.05759,-1.70626],[36.06462,-1.69883],[36.05779,-1.68758],[36.05531,-1.68014],[36.05175,-1.66565],[36.05008,-1.65517],[36.04728,-1.64948],[36.0512,-1.64284],[36.05592,-1.63221],[36.05561,-1.61847],[36.0625,-1.61076],[36.06725,-1.60734],[36.07256,-1.5935],[36.07714,-1.59537],[36.07949,-1.58683],[36.08525,-1.57424],[36.07344,-1.54235],[36.06034,-1.51019],[36.05203,-1.49089],[36.33392,-1.04937],[36.2035,-0.93348],[36.1846,-0.91549],[36.18894,-0.90829],[36.15706,-0.83699],[36.18985,-0.7853],[36.19174,-0.76608],[36.18844,-0.76492],[36.18287,-0.75891],[36.16954,-0.75223],[36.1671,-0.74647],[36.15857,-0.74059],[36.15392,-0.72776],[36.15293,-0.71804],[36.14552,-0.71174],[36.10026,-0.67594],[36.06204,-0.6569],[36.02106,-0.67056],[35.94588,-0.71431],[35.92941,-0.69656],[35.87611,-0.65049],[35.87558,-0.63709],[35.94932,-0.66567],[35.95119,-0.57052],[35.94602,-0.55837],[35.93512,-0.5564],[35.91038,-0.54971],[35.88815,-0.52691],[35.83807,-0.47257],[35.83028,-0.46669],[35.81371,-0.47658],[35.81445,-0.46602],[35.79924,-0.456],[35.79277,-0.46723],[35.77446,-0.52115],[35.7375,-0.53103],[35.72353,-0.54691],[35.70872,-0.55392],[35.70942,-0.57776],[35.70333,-0.58693],[35.69088,-0.60013],[35.68311,-0.62426],[35.68416,-0.64016],[35.68027,-0.65223],[35.6756,-0.65932],[35.6679,-0.66371],[35.66322,-0.68079],[35.64959,-0.69505],[35.64507,-0.70259],[35.62672,-0.68418],[35.6008,-0.67155],[35.58665,-0.58811]]]}},{"type":"Feature","properties":{"code":"045","name":"Kisii","sourceName":"Kisii","shapeID":"32016919B92888924192138","level":"county","source":"geoBoundaries gbOpen KEN ADM1 (RCMRD GeoPortal)","license":"geoBoundaries gbOpen — underlying source Public Domain; cite geoBoundaries (CC BY 4.0 citation requested)","classification":"official","approximate":false},"geometry":{"type":"Polygon","coordinates":[[[34.63766,-0.66513],[34.644,-0.7052],[34.6286,-0.7531],[34.63272,-0.96554],[34.64196,-0.96826],[34.66122,-0.9708],[34.67593,-0.97319],[34.94389,-0.77312],[34.93421,-0.76589],[34.92253,-0.7609],[34.90662,-0.76023],[34.8959,-0.74576],[34.88736,-0.74692],[34.87973,-0.74142],[34.85332,-0.72518],[34.83628,-0.70837],[34.82625,-0.70364],[34.82061,-0.69165],[34.79447,-0.68859],[34.78952,-0.67619],[34.79051,-0.67303],[34.79881,-0.66546],[34.80848,-0.6666],[34.80968,-0.65174],[34.8159,-0.63168],[34.82581,-0.62177],[34.83493,-0.60391],[34.84589,-0.59545],[34.8606,-0.60749],[34.87054,-0.61997],[34.86985,-0.6144],[34.87551,-0.61311],[34.88021,-0.62006],[34.88666,-0.61518],[34.88316,-0.59308],[34.88127,-0.58539],[34.87506,-0.56507],[34.87862,-0.55137],[34.88283,-0.52387],[34.86676,-0.5046],[34.86206,-0.50133],[34.80213,-0.52683],[34.75148,-0.55763],[34.68586,-0.60024],[34.6445,-0.63355],[34.63766,-0.66513]]]}},{"type":"Feature","properties":{"code":"021","name":"Murang'a","sourceName":"Murang'a","shapeID":"32016919B92229445677015","level":"county","source":"geoBoundaries gbOpen KEN ADM1 (RCMRD GeoPortal)","license":"geoBoundaries gbOpen — underlying source Public Domain; cite geoBoundaries (CC BY 4.0 citation requested)","classification":"official","approximate":false},"geometry":{"type":"Polygon","coordinates":[[[36.72004,-0.80637],[36.73201,-0.81253],[36.74769,-0.83152],[36.76948,-0.83226],[36.78025,-0.84051],[36.78726,-0.84464],[36.80563,-0.85669],[36.80942,-0.85867],[36.82576,-0.86907],[36.83117,-0.87328],[36.83744,-0.87748],[36.84066,-0.87641],[36.85684,-0.88211],[36.85907,-0.88714],[36.86876,-0.88953],[36.87272,-0.89135],[36.87833,-0.89457],[36.88552,-0.89589],[36.88741,-0.9034],[36.89695,-0.91124],[36.90652,-0.91322],[36.90924,-0.92057],[36.91808,-0.9308],[36.9262,-0.93509],[36.94172,-0.94565],[36.94907,-0.95201],[36.95439,-0.95581],[36.96099,-0.96686],[36.97915,-0.97677],[36.99553,-0.99138],[37.00312,-0.99658],[37.02182,-1.01135],[37.02768,-1.0182],[37.0363,-1.03083],[37.0547,-1.03165],[37.06646,-1.02554],[37.0859,-1.03371],[37.09655,-1.03652],[37.1062,-1.03578],[37.11532,-1.04122],[37.12448,-1.05327],[37.13174,-1.0484],[37.14305,-1.04981],[37.15547,-1.05047],[37.16051,-1.04931],[37.16959,-1.04543],[37.17574,-1.03834],[37.17458,-1.03636],[37.19273,-1.04288],[37.20396,-1.03561],[37.2163,-1.02926],[37.23148,-1.01812],[37.23887,-1.02431],[37.25191,-1.01911],[37.26813,-1.02398],[37.28009,-1.03636],[37.28583,-1.04304],[37.30209,-1.05649],[37.31129,-1.06681],[37.32136,-1.07061],[37.32953,-1.07729],[37.33923,-1.07993],[37.35788,-1.09124],[37.38945,-1.05729],[37.40517,-1.01368],[37.3612,-0.98751],[37.33707,-0.97749],[37.36621,-0.96245],[37.33665,-0.96489],[37.32705,-0.95305],[37.32746,-0.94424],[37.31327,-0.9402],[37.31859,-0.92517],[37.27724,-0.89227],[37.23777,-0.85844],[37.23495,-0.83588],[37.26252,-0.80769],[37.26729,-0.78533],[37.26097,-0.76932],[37.25669,-0.75237],[37.26031,-0.75106],[37.26973,-0.75366],[37.26215,-0.74487],[37.25697,-0.73478],[37.2514,-0.72617],[37.25019,-0.72053],[37.25429,-0.72033],[37.24901,-0.7073],[37.24217,-0.70272],[37.24147,-0.69361],[37.24058,-0.68904],[37.23609,-0.67677],[37.23285,-0.66767],[37.22588,-0.67289],[37.21008,-0.68261],[37.19943,-0.6635],[37.18005,-0.66285],[37.17664,-0.65647],[37.1728,-0.64986],[37.17204,-0.64226],[37.16912,-0.63562],[37.15448,-0.63554],[37.1403,-0.63806],[37.10934,-0.64117],[37.10161,-0.62994],[37.09211,-0.62446],[37.07921,-0.61904],[37.07489,-0.61573],[37.0653,-0.61044],[37.05893,-0.6102],[37.04843,-0.59484],[37.03381,-0.59077],[37.01553,-0.58472],[37.00148,-0.58401],[36.98988,-0.57749],[36.98132,-0.57954],[36.97091,-0.58249],[36.95565,-0.58891],[36.92132,-0.60441],[36.9043,-0.61009],[36.886,-0.60966],[36.87973,-0.60807],[36.86008,-0.60812],[36.83792,-0.59551],[36.82044,-0.58246],[36.80943,-0.57934],[36.80378,-0.57045],[36.7779,-0.56643],[36.75512,-0.56747],[36.74284,-0.56994],[36.73381,-0.56666],[36.70467,-0.59021],[36.70549,-0.60119],[36.70747,-0.62279],[36.70169,-0.64916],[36.70359,-0.69927],[36.71059,-0.71753],[36.71484,-0.73751],[36.71811,-0.76252],[36.73168,-0.78064],[36.72216,-0.78166],[36.72183,-0.7877],[36.72004,-0.80637]]]}},{"type":"Feature","properties":{"code":"044","name":"Migori","sourceName":"Migori","shapeID":"32016919B50702580177250","level":"county","source":"geoBoundaries gbOpen KEN ADM1 (RCMRD GeoPortal)","license":"geoBoundaries gbOpen — underlying source Public Domain; cite geoBoundaries (CC BY 4.0 citation requested)","classification":"official","approximate":false},"geometry":{"type":"Polygon","coordinates":[[[33.92824,-0.80242],[34.01692,-1.00242],[34.02578,-1.01068],[34.02746,-1.0313],[34.03381,-1.04328],[34.04496,-1.0452],[34.07385,-1.02358],[34.08403,-1.02506],[34.73057,-1.38903],[34.68616,-1.20809],[34.6732,-1.20802],[34.66554,-1.19287],[34.65319,-1.18425],[34.64956,-1.17176],[34.63219,-1.15935],[34.63467,-1.14868],[34.62109,-1.10961],[34.61396,-1.08569],[34.61694,-1.07252],[34.59473,-1.04546],[34.64196,-0.96826],[34.63272,-0.96554],[34.6286,-0.7531],[34.644,-0.7052],[34.63766,-0.66513],[34.62622,-0.65766],[34.6158,-0.65381],[34.59755,-0.65342],[34.58832,-0.66202],[34.57814,-0.66256],[34.56392,-0.66705],[34.55663,-0.66979],[34.54766,-0.69076],[34.54572,-0.68968],[34.53971,-0.72591],[34.5336,-0.7477],[34.51645,-0.75964],[34.50227,-0.76493],[34.50578,-0.76707],[34.50016,-0.77392],[34.48531,-0.78449],[34.48064,-0.79452],[34.49646,-0.80506],[34.47633,-0.83059],[34.43258,-0.83741],[34.38652,-0.81571],[34.38787,-0.82253],[34.39294,-0.83066],[34.3818,-0.8461],[34.37476,-0.84641],[34.37079,-0.84965],[34.33669,-0.85491],[34.33534,-0.86128],[34.30025,-0.84272],[34.29478,-0.83678],[34.27773,-0.82596],[34.26408,-0.81409],[34.24591,-0.80567],[34.23539,-0.79058],[34.22626,-0.77875],[34.21238,-0.7676],[34.20202,-0.75044],[34.17857,-0.76002],[34.17197,-0.77147],[34.15586,-0.76602],[34.13571,-0.77253],[34.12072,-0.78294],[34.10957,-0.78121],[34.08098,-0.80242],[33.92824,-0.80242]]]}},{"type":"Feature","properties":{"code":"022","name":"Kiambu","sourceName":"Kiambu","shapeID":"32016919B11020559484650","level":"county","source":"geoBoundaries gbOpen KEN ADM1 (RCMRD GeoPortal)","license":"geoBoundaries gbOpen — underlying source Public Domain; cite geoBoundaries (CC BY 4.0 citation requested)","classification":"official","approximate":false},"geometry":{"type":"Polygon","coordinates":[[[36.53373,-1.15591],[36.48823,-1.27179],[36.66389,-1.31521],[36.6719,-1.30806],[36.68481,-1.28115],[36.68439,-1.27463],[36.68651,-1.27109],[36.6885,-1.26401],[36.69416,-1.25919],[36.69855,-1.2582],[36.72508,-1.24349],[36.73167,-1.23506],[36.75317,-1.22087],[36.77381,-1.22982],[36.78794,-1.20931],[36.78805,-1.19109],[36.83044,-1.21466],[36.82891,-1.20589],[36.83948,-1.20806],[36.8476,-1.20279],[36.85649,-1.202],[36.86733,-1.19446],[36.87947,-1.19582],[36.8965,-1.1925],[36.89225,-1.18207],[36.88972,-1.16943],[36.89597,-1.16046],[36.92399,-1.16778],[36.93923,-1.17396],[36.91313,-1.21204],[36.92917,-1.22174],[36.94763,-1.22685],[36.95451,-1.2289],[36.96735,-1.2288],[36.98615,-1.2231],[36.98968,-1.22688],[37.00056,-1.23329],[37.01102,-1.23485],[37.01857,-1.22581],[37.0245,-1.22552],[37.03355,-1.21535],[37.04647,-1.21037],[37.0564,-1.20834],[37.07875,-1.23768],[37.09411,-1.24395],[37.10272,-1.26172],[37.1083,-1.26072],[37.1096,-1.24739],[37.11576,-1.24766],[37.11903,-1.2386],[37.12698,-1.23259],[37.14175,-1.22592],[37.15475,-1.22175],[37.15321,-1.20926],[37.15538,-1.19547],[37.16658,-1.18801],[37.18205,-1.16678],[37.17979,-1.15781],[37.18301,-1.14409],[37.18515,-1.13577],[37.17535,-1.12063],[37.18103,-1.10936],[37.18975,-1.09734],[37.20067,-1.09025],[37.22295,-1.07869],[37.23108,-1.07527],[37.25401,-1.07625],[37.26493,-1.07118],[37.28099,-1.06609],[37.29298,-1.06981],[37.30933,-1.08486],[37.31464,-1.09162],[37.3264,-1.10059],[37.3429,-1.11758],[37.35788,-1.09124],[37.33923,-1.07993],[37.32953,-1.07729],[37.32136,-1.07061],[37.31129,-1.06681],[37.30209,-1.05649],[37.28583,-1.04304],[37.28009,-1.03636],[37.26813,-1.02398],[37.25191,-1.01911],[37.23887,-1.02431],[37.23148,-1.01812],[37.2163,-1.02926],[37.20396,-1.03561],[37.19273,-1.04288],[37.17458,-1.03636],[37.17574,-1.03834],[37.16959,-1.04543],[37.16051,-1.04931],[37.15547,-1.05047],[37.14305,-1.04981],[37.13174,-1.0484],[37.12448,-1.05327],[37.11532,-1.04122],[37.1062,-1.03578],[37.09655,-1.03652],[37.0859,-1.03371],[37.06646,-1.02554],[37.0547,-1.03165],[37.0363,-1.03083],[37.02768,-1.0182],[37.02182,-1.01135],[37.00312,-0.99658],[36.99553,-0.99138],[36.97915,-0.97677],[36.96099,-0.96686],[36.95439,-0.95581],[36.94907,-0.95201],[36.94172,-0.94565],[36.9262,-0.93509],[36.91808,-0.9308],[36.90924,-0.92057],[36.90652,-0.91322],[36.89695,-0.91124],[36.88741,-0.9034],[36.88552,-0.89589],[36.87833,-0.89457],[36.87272,-0.89135],[36.86876,-0.88953],[36.85907,-0.88714],[36.85684,-0.88211],[36.84066,-0.87641],[36.83744,-0.87748],[36.83117,-0.87328],[36.82576,-0.86907],[36.80942,-0.85867],[36.80563,-0.85669],[36.78726,-0.84464],[36.78025,-0.84051],[36.76948,-0.83226],[36.74769,-0.83152],[36.73201,-0.81253],[36.72004,-0.80637],[36.68559,-0.76481],[36.66691,-0.75942],[36.65028,-0.76462],[36.61856,-0.8298],[36.58981,-0.84894],[36.58701,-0.88675],[36.56181,-0.90393],[36.57009,-0.90889],[36.55285,-0.92],[36.56834,-0.92155],[36.57801,-0.92928],[36.57249,-0.94226],[36.58492,-0.96187],[36.5885,-0.98203],[36.59541,-0.9917],[36.58827,-1.06338],[36.56385,-1.10011],[36.53373,-1.15591]]]}},{"type":"Feature","properties":{"code":"016","name":"Machakos","sourceName":"Machakos","shapeID":"32016919B39119671019936","level":"county","source":"geoBoundaries gbOpen KEN ADM1 (RCMRD GeoPortal)","license":"geoBoundaries gbOpen — underlying source Public Domain; cite geoBoundaries (CC BY 4.0 citation requested)","classification":"official","approximate":false},"geometry":{"type":"Polygon","coordinates":[[[37.84551,-0.80983],[37.83677,-0.81184],[37.82907,-0.80462],[37.81461,-0.80645],[37.80796,-0.81373],[37.80783,-0.80267],[37.80198,-0.80657],[37.79573,-0.81588],[37.78436,-0.82006],[37.77078,-0.81872],[37.75813,-0.82188],[37.75478,-0.81397],[37.74987,-0.80165],[37.74455,-0.77911],[37.73291,-0.77339],[37.7197,-0.77837],[37.69895,-0.78289],[37.6929,-0.78977],[37.69044,-0.79519],[37.68394,-0.79288],[37.68237,-0.80705],[37.68167,-0.82092],[37.67205,-0.8273],[37.66621,-0.83982],[37.65841,-0.84573],[37.64099,-0.84359],[37.63018,-0.83697],[37.62867,-0.84742],[37.62033,-0.84949],[37.6162,-0.8529],[37.60299,-0.86025],[37.58914,-0.86199],[37.59195,-0.86664],[37.58897,-0.87165],[37.57642,-0.87479],[37.56113,-0.87297],[37.54864,-0.88042],[37.54444,-0.88501],[37.53367,-0.89385],[37.53435,-0.91022],[37.52435,-0.91225],[37.51792,-0.91268],[37.50429,-0.89726],[37.49712,-0.90462],[37.49026,-0.90097],[37.48302,-0.89496],[37.47137,-0.88618],[37.47043,-0.87673],[37.46199,-0.87551],[37.45298,-0.87163],[37.44052,-0.8624],[37.42607,-0.866],[37.41064,-0.85858],[37.4121,-0.85026],[37.39788,-0.85606],[37.38456,-0.8519],[37.37616,-0.85462],[37.36972,-0.84897],[37.35581,-0.84331],[37.34876,-0.84193],[37.34191,-0.84219],[37.33299,-0.84434],[37.32292,-0.84007],[37.32598,-0.83661],[37.32005,-0.83546],[37.31279,-0.81897],[37.30547,-0.81287],[37.30453,-0.80007],[37.29873,-0.79505],[37.28572,-0.78289],[37.26729,-0.78533],[37.26252,-0.80769],[37.23495,-0.83588],[37.23777,-0.85844],[37.27724,-0.89227],[37.31859,-0.92517],[37.31327,-0.9402],[37.32746,-0.94424],[37.32705,-0.95305],[37.33665,-0.96489],[37.36621,-0.96245],[37.33707,-0.97749],[37.3612,-0.98751],[37.40517,-1.01368],[37.38945,-1.05729],[37.3429,-1.11758],[37.3264,-1.10059],[37.31464,-1.09162],[37.30933,-1.08486],[37.29298,-1.06981],[37.28099,-1.06609],[37.26493,-1.07118],[37.25401,-1.07625],[37.23108,-1.07527],[37.22295,-1.07869],[37.20067,-1.09025],[37.18975,-1.09734],[37.18103,-1.10936],[37.17535,-1.12063],[37.18515,-1.13577],[37.18301,-1.14409],[37.17979,-1.15781],[37.18205,-1.16678],[37.16658,-1.18801],[37.15538,-1.19547],[37.15321,-1.20926],[37.15475,-1.22175],[37.14175,-1.22592],[37.12698,-1.23259],[37.11903,-1.2386],[37.11576,-1.24766],[37.1096,-1.24739],[37.1083,-1.26072],[37.10272,-1.26172],[37.10213,-1.27454],[37.09541,-1.27518],[37.08414,-1.28084],[37.07712,-1.28481],[37.07271,-1.29606],[37.07606,-1.30122],[37.02485,-1.2919],[36.99507,-1.28156],[36.98285,-1.31196],[36.93991,-1.33265],[36.91494,-1.37672],[36.92191,-1.39391],[36.92986,-1.39836],[36.94155,-1.40498],[36.95301,-1.42961],[36.96113,-1.43928],[36.95667,-1.44264],[36.94928,-1.43757],[36.93925,-1.43238],[36.88773,-1.41565],[36.8826,-1.48901],[36.88994,-1.48326],[36.90247,-1.4743],[36.9198,-1.46374],[36.92187,-1.45849],[36.93029,-1.45917],[36.94143,-1.45484],[36.9453,-1.46362],[36.96885,-1.49282],[36.9618,-1.51442],[36.96196,-1.52879],[36.95893,-1.54316],[36.97625,-1.55517],[37.08126,-1.69506],[37.08207,-1.69954],[37.11086,-1.73397],[37.12334,-1.73934],[37.13417,-1.74306],[37.14424,-1.73624],[37.14902,-1.74203],[37.14811,-1.75937],[37.15133,-1.77636],[37.15919,-1.77842],[37.20647,-1.7755],[37.22576,-1.75929],[37.26361,-1.7583],[37.27694,-1.77044],[37.29119,-1.75346],[37.30186,-1.75317],[37.3116,-1.70024],[37.34583,-1.70412],[37.36218,-1.70218],[37.37338,-1.70516],[37.38569,-1.70206],[37.39327,-1.69573],[37.39843,-1.6938],[37.4059,-1.6904],[37.40831,-1.6838],[37.40687,-1.6753],[37.40084,-1.66673],[37.39621,-1.65866],[37.38581,-1.63157],[37.37074,-1.60317],[37.36349,-1.59007],[37.33486,-1.56171],[37.34691,-1.55309],[37.37209,-1.5295],[37.38342,-1.5198],[37.39969,-1.52127],[37.4355,-1.53267],[37.43867,-1.52899],[37.44821,-1.52961],[37.46474,-1.51825],[37.47419,-1.52145],[37.48236,-1.51917],[37.49759,-1.52502],[37.50777,-1.52723],[37.51427,-1.52483],[37.5169,-1.53116],[37.51916,-1.53553],[37.52359,-1.53629],[37.54256,-1.54028],[37.55257,-1.53913],[37.54919,-1.54396],[37.55237,-1.54873],[37.5614,-1.55201],[37.55486,-1.55699],[37.57332,-1.55737],[37.5717,-1.56366],[37.57877,-1.56476],[37.59036,-1.55687],[37.59737,-1.55469],[37.5981,-1.56084],[37.60761,-1.56602],[37.61657,-1.5653],[37.619,-1.57464],[37.6343,-1.58894],[37.64046,-1.58639],[37.64241,-1.59419],[37.64245,-1.60071],[37.64595,-1.61951],[37.64908,-1.6285],[37.65591,-1.63727],[37.65937,-1.64516],[37.67203,-1.63226],[37.68409,-1.61299],[37.68222,-1.58587],[37.69603,-1.58705],[37.704,-1.58834],[37.71128,-1.60472],[37.72836,-1.60265],[37.73393,-1.59508],[37.73052,-1.58058],[37.73394,-1.57544],[37.74924,-1.56921],[37.7501,-1.56006],[37.74832,-1.55389],[37.73261,-1.54231],[37.72345,-1.52446],[37.71314,-1.50989],[37.70201,-1.50875],[37.70193,-1.49034],[37.71292,-1.48909],[37.7349,-1.49621],[37.77324,-1.48596],[37.78014,-1.47065],[37.8101,-1.44727],[37.81548,-1.4448],[37.81262,-1.43879],[37.81134,-1.42985],[37.80932,-1.42452],[37.8072,-1.41886],[37.80434,-1.40316],[37.80119,-1.3937],[37.79803,-1.3919],[37.7898,-1.38056],[37.78413,-1.37448],[37.77995,-1.37073],[37.76639,-1.35705],[37.75939,-1.35444],[37.75308,-1.35469],[37.74451,-1.35629],[37.74372,-1.34993],[37.73677,-1.34311],[37.73159,-1.34005],[37.72588,-1.32433],[37.72317,-1.31585],[37.71666,-1.29959],[37.71267,-1.29094],[37.70193,-1.27248],[37.6969,-1.2645],[37.69143,-1.24905],[37.68837,-1.24801],[37.6866,-1.24584],[37.68827,-1.24008],[37.67576,-1.23251],[37.66472,-1.21994],[37.66265,-1.21553],[37.65644,-1.2072],[37.64949,-1.19814],[37.63362,-1.16181],[37.62435,-1.14922],[37.61021,-1.14212],[37.5969,-1.14715],[37.73815,-1.07755],[37.80508,-1.10375],[37.81737,-1.08029],[37.82655,-1.07031],[37.83889,-1.0526],[37.84485,-1.04692],[37.84547,-1.02954],[37.84953,-1.00469],[37.84982,-0.99265],[37.85422,-0.9853],[37.86079,-0.98147],[37.86221,-0.97735],[37.86821,-0.97468],[37.86273,-0.97279],[37.85913,-0.96669],[37.85341,-0.96555],[37.84826,-0.96338],[37.85062,-0.96007],[37.85256,-0.96115],[37.85412,-0.95822],[37.85114,-0.94883],[37.84797,-0.94259],[37.84726,-0.93871],[37.85247,-0.93774],[37.84911,-0.93434],[37.84698,-0.92734],[37.84447,-0.92336],[37.84253,-0.91835],[37.83927,-0.90868],[37.83393,-0.90532],[37.82045,-0.89887],[37.82504,-0.89016],[37.82068,-0.8813],[37.8231,-0.87728],[37.82452,-0.87117],[37.82688,-0.86531],[37.82943,-0.85904],[37.83379,-0.85535],[37.83643,-0.85072],[37.83762,-0.84355],[37.84476,-0.84029],[37.84145,-0.83433],[37.84641,-0.82639],[37.84377,-0.81626],[37.84551,-0.80983]]]}},{"type":"Feature","properties":{"code":"034","name":"Kajiado","sourceName":"Kajiado","shapeID":"32016919B31527762068828","level":"county","source":"geoBoundaries gbOpen KEN ADM1 (RCMRD GeoPortal)","license":"geoBoundaries gbOpen — underlying source Public Domain; cite geoBoundaries (CC BY 4.0 citation requested)","classification":"official","approximate":false},"geometry":{"type":"Polygon","coordinates":[[[36.33392,-1.04937],[36.05203,-1.49089],[36.06034,-1.51019],[36.07344,-1.54235],[36.08525,-1.57424],[36.07949,-1.58683],[36.07714,-1.59537],[36.07256,-1.5935],[36.06725,-1.60734],[36.0625,-1.61076],[36.05561,-1.61847],[36.05592,-1.63221],[36.0512,-1.64284],[36.04728,-1.64948],[36.05008,-1.65517],[36.05175,-1.66565],[36.05531,-1.68014],[36.05779,-1.68758],[36.06462,-1.69883],[36.05759,-1.70626],[36.05636,-1.71157],[36.04487,-1.71091],[36.03811,-1.7102],[36.04761,-1.71953],[36.04704,-1.73497],[36.04105,-1.73251],[36.03572,-1.74382],[36.03376,-1.75395],[36.03403,-1.76137],[36.03135,-1.76161],[36.0216,-1.77607],[36.03166,-1.78035],[36.02938,-1.78924],[36.02316,-1.79372],[36.01638,-1.80404],[36.02349,-1.80618],[36.03057,-1.82013],[36.03149,-1.82529],[36.03985,-1.82167],[36.04018,-1.82854],[36.04247,-1.8349],[36.04803,-1.8478],[36.04824,-1.86165],[36.0447,-1.87766],[36.03946,-1.87632],[36.03745,-1.89048],[36.03357,-1.88868],[36.02806,-1.8887],[36.03426,-1.90244],[36.04313,-1.90707],[36.04302,-1.91123],[36.03399,-1.9166],[36.03818,-1.92062],[36.04173,-1.93333],[36.04086,-1.94687],[36.04161,-1.96023],[36.03731,-1.97202],[36.03722,-1.99074],[36.03555,-2.00247],[36.03035,-2.02209],[36.03092,-2.03592],[36.02817,-2.08295],[36.00021,-2.10441],[36.75144,-2.52638],[37.47047,-2.93037],[37.56766,-2.98698],[37.69059,-3.17889],[37.79198,-3.172],[37.79574,-3.16964],[37.80718,-3.16755],[37.81886,-3.17331],[37.82967,-3.17994],[37.83703,-3.18567],[37.84777,-3.18241],[37.85286,-3.17816],[37.86542,-3.07877],[37.89512,-2.88588],[37.9394,-2.77698],[37.92788,-2.76047],[37.9265,-2.73819],[37.92155,-2.70435],[37.89074,-2.67353],[37.84947,-2.60393],[37.60583,-2.30801],[37.60802,-2.30034],[37.61199,-2.29707],[37.61958,-2.30268],[37.62267,-2.30164],[37.62673,-2.3009],[37.63091,-2.30028],[37.63651,-2.29734],[37.64499,-2.29874],[37.64879,-2.2906],[37.65691,-2.28625],[37.66381,-2.2894],[37.66943,-2.28459],[37.66687,-2.28016],[37.67216,-2.27178],[37.67481,-2.26587],[37.67526,-2.25931],[37.67606,-2.24831],[37.67487,-2.23819],[37.6785,-2.22778],[37.68418,-2.22302],[37.6917,-2.21267],[37.69715,-2.20578],[37.7133,-2.1903],[37.72318,-2.18722],[37.70405,-2.17016],[37.69133,-2.16459],[37.62128,-2.16035],[37.57142,-2.13508],[37.54922,-2.12622],[37.54331,-2.11383],[37.53517,-2.10569],[37.37376,-2.01991],[37.31409,-2.00814],[37.30271,-2.00368],[37.28696,-1.99697],[37.2784,-1.99195],[37.26543,-1.96218],[37.25721,-1.95761],[37.2462,-1.94991],[37.23586,-1.93677],[37.21059,-1.93331],[37.18616,-1.93449],[37.18226,-1.92358],[37.1693,-1.9125],[37.15747,-1.89239],[37.15305,-1.88457],[37.15934,-1.88295],[37.16296,-1.87113],[37.16251,-1.86254],[37.15586,-1.85036],[37.14736,-1.84102],[37.14187,-1.83916],[37.14806,-1.83206],[37.14242,-1.82287],[37.14127,-1.81276],[37.15078,-1.79327],[37.15919,-1.77842],[37.15133,-1.77636],[37.14811,-1.75937],[37.14902,-1.74203],[37.14424,-1.73624],[37.13417,-1.74306],[37.12334,-1.73934],[37.11086,-1.73397],[37.08207,-1.69954],[37.08126,-1.69506],[36.97625,-1.55517],[36.95893,-1.54316],[36.96196,-1.52879],[36.9618,-1.51442],[36.96885,-1.49282],[36.9453,-1.46362],[36.94143,-1.45484],[36.93029,-1.45917],[36.92187,-1.45849],[36.9198,-1.46374],[36.90247,-1.4743],[36.88994,-1.48326],[36.8826,-1.48901],[36.88773,-1.41565],[36.89127,-1.41093],[36.86928,-1.40763],[36.86266,-1.40462],[36.84795,-1.39718],[36.83868,-1.38822],[36.83401,-1.38919],[36.81746,-1.38101],[36.81027,-1.3863],[36.80364,-1.38636],[36.79825,-1.387],[36.78816,-1.38788],[36.78096,-1.3888],[36.77462,-1.38658],[36.76582,-1.38791],[36.74696,-1.38455],[36.71883,-1.36913],[36.70049,-1.35264],[36.68372,-1.34433],[36.67925,-1.33817],[36.67259,-1.33151],[36.66921,-1.32426],[36.65987,-1.32207],[36.65764,-1.30479],[36.51061,-1.24019],[36.48927,-1.12253],[36.33392,-1.04937]]]}},{"type":"Feature","properties":{"code":"047","name":"Nairobi","sourceName":"Nairobi","shapeID":"32016919B57908315498598","level":"county","source":"geoBoundaries gbOpen KEN ADM1 (RCMRD GeoPortal)","license":"geoBoundaries gbOpen — underlying source Public Domain; cite geoBoundaries (CC BY 4.0 citation requested)","classification":"official","approximate":false},"geometry":{"type":"Polygon","coordinates":[[[36.66389,-1.31521],[36.66514,-1.32227],[36.66623,-1.32634],[36.67607,-1.32992],[36.68333,-1.33728],[36.69313,-1.35462],[36.71175,-1.3614],[36.73174,-1.37842],[36.75906,-1.38401],[36.77245,-1.3886],[36.77801,-1.38606],[36.78486,-1.38706],[36.79256,-1.38517],[36.80035,-1.38911],[36.80499,-1.38888],[36.81318,-1.38263],[36.82057,-1.38516],[36.83584,-1.38682],[36.84179,-1.38604],[36.85715,-1.40022],[36.86805,-1.40389],[36.88003,-1.40655],[36.88816,-1.41328],[36.93191,-1.43427],[36.94484,-1.4334],[36.95453,-1.43745],[36.95895,-1.44406],[36.95708,-1.43715],[36.94603,-1.4237],[36.93449,-1.39927],[36.92603,-1.39423],[36.91983,-1.38633],[36.90468,-1.36562],[36.97909,-1.31666],[36.97282,-1.28939],[37.00259,-1.30068],[37.07634,-1.30312],[37.07363,-1.30009],[37.07616,-1.29212],[37.08279,-1.28513],[37.08743,-1.27766],[37.09814,-1.27285],[37.10452,-1.26664],[37.08659,-1.24802],[37.08784,-1.23235],[37.06042,-1.20575],[37.05414,-1.20631],[37.04246,-1.2099],[37.03178,-1.22031],[37.02178,-1.22663],[37.01418,-1.22816],[37.00463,-1.23675],[36.99321,-1.23018],[36.98968,-1.22446],[36.97514,-1.22404],[36.95811,-1.22702],[36.95133,-1.22576],[36.93734,-1.22182],[36.92075,-1.21777],[36.90923,-1.20637],[36.93512,-1.17099],[36.91639,-1.16146],[36.89228,-1.1637],[36.88504,-1.1721],[36.89204,-1.18563],[36.8878,-1.19315],[36.87235,-1.1956],[36.85921,-1.18929],[36.85316,-1.20105],[36.84549,-1.21149],[36.83336,-1.20924],[36.82699,-1.20625],[36.80835,-1.20096],[36.78123,-1.20229],[36.782,-1.21343],[36.76328,-1.22646],[36.74454,-1.2355],[36.72618,-1.23238],[36.71754,-1.26146],[36.69671,-1.26117],[36.69019,-1.25891],[36.69147,-1.26826],[36.68637,-1.27421],[36.68325,-1.28002],[36.68428,-1.2852],[36.66872,-1.30696],[36.66389,-1.31521]]]}},{"type":"Feature","properties":{"code":"017","name":"Makueni","sourceName":"Makueni","shapeID":"32016919B42227953152284","level":"county","source":"geoBoundaries gbOpen KEN ADM1 (RCMRD GeoPortal)","license":"geoBoundaries gbOpen — underlying source Public Domain; cite geoBoundaries (CC BY 4.0 citation requested)","classification":"official","approximate":false},"geometry":{"type":"Polygon","coordinates":[[[37.75332,-1.56638],[37.74325,-1.56889],[37.73354,-1.57823],[37.73368,-1.5825],[37.72886,-1.59732],[37.7189,-1.60839],[37.7052,-1.59454],[37.70061,-1.58291],[37.69266,-1.58314],[37.68185,-1.60226],[37.68121,-1.62532],[37.66727,-1.64161],[37.65918,-1.64211],[37.65525,-1.6316],[37.649,-1.6223],[37.64216,-1.61014],[37.64067,-1.59688],[37.63947,-1.59094],[37.63913,-1.58592],[37.63067,-1.58865],[37.61808,-1.56729],[37.61326,-1.56372],[37.60573,-1.56123],[37.59968,-1.55735],[37.59689,-1.55097],[37.5822,-1.5601],[37.57231,-1.56489],[37.57473,-1.55975],[37.56095,-1.55931],[37.55558,-1.55446],[37.55977,-1.55022],[37.54913,-1.54626],[37.55354,-1.54129],[37.54573,-1.5362],[37.53317,-1.53926],[37.52053,-1.53745],[37.51948,-1.5328],[37.51625,-1.52665],[37.51121,-1.52433],[37.50464,-1.5276],[37.48721,-1.51699],[37.47671,-1.51762],[37.47145,-1.51896],[37.45245,-1.52399],[37.44266,-1.53158],[37.43752,-1.53196],[37.4198,-1.53002],[37.39067,-1.52206],[37.37984,-1.52023],[37.36538,-1.53371],[37.34349,-1.55362],[37.34159,-1.5707],[37.36542,-1.59578],[37.38036,-1.62763],[37.38838,-1.64261],[37.40102,-1.66204],[37.40413,-1.67332],[37.40591,-1.67801],[37.41347,-1.68849],[37.4029,-1.69314],[37.39588,-1.69583],[37.38784,-1.69904],[37.38231,-1.70145],[37.36509,-1.70405],[37.35757,-1.70667],[37.31924,-1.70805],[37.28685,-1.71827],[37.29337,-1.75219],[37.27951,-1.77055],[37.27724,-1.76719],[37.24436,-1.73565],[37.2205,-1.76958],[37.16009,-1.78018],[37.15169,-1.80055],[37.14539,-1.819],[37.14283,-1.82796],[37.14308,-1.83478],[37.14338,-1.84092],[37.1542,-1.84455],[37.1616,-1.85711],[37.1613,-1.86675],[37.15934,-1.87586],[37.15793,-1.88467],[37.15209,-1.88806],[37.15778,-1.8973],[37.17032,-1.91732],[37.18174,-1.92871],[37.20433,-1.93574],[37.22137,-1.93333],[37.2434,-1.94339],[37.25126,-1.95158],[37.26432,-1.95857],[37.27551,-1.9762],[37.28037,-1.99484],[37.29925,-2.0058],[37.30907,-2.00357],[37.36049,-2.01277],[37.45196,-2.07379],[37.53695,-2.10926],[37.54153,-2.12164],[37.56372,-2.12549],[37.59395,-2.15276],[37.66434,-2.15416],[37.69836,-2.16358],[37.70695,-2.18043],[37.7239,-2.19146],[37.70346,-2.1961],[37.69416,-2.20754],[37.6865,-2.21594],[37.67947,-2.22544],[37.67423,-2.22819],[37.67823,-2.24249],[37.67721,-2.25371],[37.67757,-2.26303],[37.67589,-2.26902],[37.67118,-2.27901],[37.6666,-2.28303],[37.66886,-2.28728],[37.65907,-2.28833],[37.65379,-2.2872],[37.64581,-2.29466],[37.64132,-2.29617],[37.63089,-2.29453],[37.62894,-2.30186],[37.62568,-2.30257],[37.62267,-2.30425],[37.61686,-2.29622],[37.61121,-2.30005],[37.60566,-2.3042],[37.59734,-2.31091],[37.87808,-2.65923],[37.90091,-2.70242],[37.93035,-2.72361],[37.9243,-2.74094],[37.92999,-2.76742],[37.94412,-2.78079],[38.10064,-2.71936],[38.11547,-2.71204],[38.12151,-2.70411],[38.13333,-2.698],[38.14153,-2.69836],[38.15104,-2.69922],[38.15635,-2.68856],[38.16421,-2.6894],[38.18029,-2.70135],[38.26121,-2.76053],[38.29451,-2.80415],[38.35123,-2.88692],[38.39626,-2.92751],[38.40856,-2.9283],[38.42934,-2.95571],[38.45745,-2.99029],[38.46342,-2.98747],[38.46918,-2.98488],[38.48801,-2.97754],[38.50911,-2.98195],[38.51375,-2.97924],[38.51017,-2.96526],[38.49878,-2.9563],[38.49325,-2.94966],[38.48771,-2.93648],[38.47267,-2.92347],[38.46074,-2.90215],[38.45175,-2.89401],[38.45076,-2.88879],[38.45424,-2.88141],[38.44344,-2.87977],[38.44545,-2.8693],[38.43974,-2.86576],[38.43904,-2.85585],[38.43226,-2.85549],[38.43103,-2.83964],[38.42632,-2.81902],[38.41886,-2.81483],[38.42119,-2.80565],[38.43051,-2.79139],[38.4257,-2.77798],[38.42193,-2.76686],[38.41309,-2.75014],[38.40513,-2.7309],[38.39137,-2.69843],[38.38597,-2.67718],[38.38176,-2.6624],[38.36703,-2.64137],[38.36138,-2.62881],[38.34875,-2.59936],[38.33776,-2.58456],[38.33055,-2.56375],[38.33694,-2.55797],[38.33157,-2.55097],[38.32284,-2.54096],[38.31824,-2.53631],[38.3161,-2.52322],[38.31077,-2.51134],[38.30878,-2.50028],[38.29831,-2.49482],[38.28909,-2.48474],[38.28615,-2.47293],[38.28223,-2.45274],[38.27346,-2.42317],[38.25192,-2.41991],[38.24492,-2.40867],[38.23607,-2.40873],[38.2222,-2.39878],[38.1975,-2.35264],[38.18451,-2.33783],[38.16867,-2.3348],[38.14598,-2.32082],[38.11606,-2.31195],[38.10759,-2.29857],[38.1088,-2.28841],[38.09959,-2.27881],[38.09107,-2.27136],[38.0843,-2.26312],[38.07372,-2.25943],[38.06981,-2.24789],[38.06713,-2.22391],[38.06234,-2.21796],[38.06808,-2.2126],[38.05759,-2.20501],[38.05252,-2.18512],[38.04871,-2.17242],[38.04305,-2.16557],[38.02628,-2.1609],[38.0209,-2.1472],[38.00974,-2.15045],[37.98726,-2.15638],[37.97515,-2.16115],[37.9644,-2.16653],[37.96326,-2.15585],[37.95299,-2.13427],[37.95453,-2.11163],[37.95699,-2.10119],[37.95837,-2.07099],[37.95192,-2.05648],[37.94837,-2.03492],[37.94178,-2.03579],[37.9394,-2.02857],[37.93656,-2.01797],[37.93374,-2.00583],[37.92684,-1.9956],[37.92391,-1.98558],[37.915,-1.94877],[37.90769,-1.93322],[37.90941,-1.92056],[37.91666,-1.90914],[37.91488,-1.90189],[37.90495,-1.90348],[37.90585,-1.89279],[37.90005,-1.86324],[37.88695,-1.85952],[37.88568,-1.8445],[37.89058,-1.83801],[37.88218,-1.83334],[37.86901,-1.82099],[37.84642,-1.79704],[37.84032,-1.76787],[37.84903,-1.76914],[37.85101,-1.76453],[37.85279,-1.75722],[37.84935,-1.73008],[37.84439,-1.71338],[37.83434,-1.70969],[37.83586,-1.69487],[37.83211,-1.68898],[37.83058,-1.68192],[37.81989,-1.68065],[37.82193,-1.67034],[37.8148,-1.66376],[37.80774,-1.65511],[37.80532,-1.64951],[37.80335,-1.64257],[37.79209,-1.62613],[37.78312,-1.61019],[37.776,-1.5967],[37.77154,-1.58662],[37.76486,-1.58083],[37.75723,-1.57027],[37.75332,-1.56638]]]}},{"type":"Feature","properties":{"code":"005","name":"Lamu","sourceName":"Lamu","shapeID":"32016919B38538724963648","level":"county","source":"geoBoundaries gbOpen KEN ADM1 (RCMRD GeoPortal)","license":"geoBoundaries gbOpen — underlying source Public Domain; cite geoBoundaries (CC BY 4.0 citation requested)","classification":"official","approximate":false},"geometry":{"type":"MultiPolygon","coordinates":[[[[40.20794,-2.03289],[40.24951,-2.24878],[40.44067,-2.39752],[40.44075,-2.39754],[40.66366,-2.46789],[40.73071,-2.45599],[40.75653,-2.44818],[40.7691,-2.44769],[40.77612,-2.42572],[40.80231,-2.40521],[40.81732,-2.39368],[40.82312,-2.36963],[40.81567,-2.35541],[40.80151,-2.3512],[40.79608,-2.35089],[40.78912,-2.34607],[40.7887,-2.34851],[40.78967,-2.35303],[40.79053,-2.35999],[40.7851,-2.36432],[40.78552,-2.36713],[40.78448,-2.3714],[40.77789,-2.37891],[40.7749,-2.38019],[40.77228,-2.39447],[40.76532,-2.39252],[40.76831,-2.38672],[40.77771,-2.37451],[40.7691,-2.37567],[40.7699,-2.3681],[40.77588,-2.36969],[40.78052,-2.36389],[40.78113,-2.3606],[40.7785,-2.36279],[40.77533,-2.35858],[40.77087,-2.35791],[40.77148,-2.3515],[40.76648,-2.35248],[40.76367,-2.3446],[40.76147,-2.33582],[40.75873,-2.31732],[40.75232,-2.31409],[40.74487,-2.31201],[40.72693,-2.30359],[40.72748,-2.30939],[40.71149,-2.30811],[40.70831,-2.30627],[40.7041,-2.3089],[40.70129,-2.30511],[40.7027,-2.30188],[40.70349,-2.29388],[40.69647,-2.29272],[40.69312,-2.28943],[40.69788,-2.28497],[40.70007,-2.28333],[40.70288,-2.28137],[40.70612,-2.28339],[40.71307,-2.28583],[40.71173,-2.28351],[40.70569,-2.2699],[40.71289,-2.27032],[40.71649,-2.27557],[40.7251,-2.27148],[40.72571,-2.27917],[40.72729,-2.28601],[40.7301,-2.2868],[40.73907,-2.29138],[40.74432,-2.29541],[40.75409,-2.30591],[40.75812,-2.30719],[40.75452,-2.29547],[40.74872,-2.2876],[40.74072,-2.28638],[40.73889,-2.28058],[40.7395,-2.27252],[40.74329,-2.27661],[40.74329,-2.27039],[40.75568,-2.27692],[40.74231,-2.26642],[40.7345,-2.25928],[40.7301,-2.26239],[40.72229,-2.26599],[40.71228,-2.2605],[40.70471,-2.26117],[40.69952,-2.25299],[40.70587,-2.25842],[40.7157,-2.25732],[40.72131,-2.25098],[40.72272,-2.24988],[40.72589,-2.23993],[40.7135,-2.21838],[40.70129,-2.20563],[40.6955,-2.20471],[40.70569,-2.2027],[40.7077,-2.20782],[40.71472,-2.2132],[40.71948,-2.21692],[40.7243,-2.22693],[40.7251,-2.22009],[40.72931,-2.22449],[40.72772,-2.2312],[40.73431,-2.237],[40.73792,-2.23682],[40.7439,-2.24487],[40.74371,-2.23431],[40.74573,-2.22711],[40.74829,-2.22968],[40.75171,-2.24701],[40.75568,-2.25018],[40.76288,-2.25238],[40.76709,-2.24591],[40.77472,-2.23749],[40.77112,-2.25018],[40.77448,-2.2467],[40.77771,-2.24469],[40.7793,-2.25763],[40.78351,-2.25922],[40.79169,-2.25171],[40.7995,-2.24518],[40.7951,-2.23889],[40.79169,-2.23523],[40.80011,-2.23242],[40.8147,-2.22949],[40.82373,-2.229],[40.84131,-2.23108],[40.83331,-2.23657],[40.82751,-2.24158],[40.84967,-2.23328],[40.85529,-2.23407],[40.84808,-2.23907],[40.85773,-2.23761],[40.87653,-2.2326],[40.86108,-2.23199],[40.86749,-2.22339],[40.87408,-2.22241],[40.87372,-2.21838],[40.87048,-2.21698],[40.85968,-2.21167],[40.86353,-2.21149],[40.87451,-2.21112],[40.88232,-2.21283],[40.8783,-2.20313],[40.8689,-2.20062],[40.88068,-2.1958],[40.88232,-2.1864],[40.88892,-2.18951],[40.88647,-2.19708],[40.88672,-2.20288],[40.89148,-2.19891],[40.89929,-2.19818],[40.90271,-2.20563],[40.90308,-2.2121],[40.9259,-2.22101],[40.91931,-2.19958],[40.91827,-2.15833],[40.91632,-2.14679],[40.91272,-2.13397],[40.91229,-2.08942],[40.90411,-2.07727],[40.89948,-2.07593],[40.89789,-2.07019],[40.8949,-2.07318],[40.89191,-2.07013],[40.88348,-2.07367],[40.8761,-2.0741],[40.88092,-2.07178],[40.88489,-2.06763],[40.88568,-2.06519],[40.88428,-2.06189],[40.8717,-2.07141],[40.86853,-2.07098],[40.85052,-2.06982],[40.87048,-2.06299],[40.87531,-2.06],[40.88049,-2.0542],[40.89032,-2.0603],[40.89392,-2.0575],[40.89032,-2.05017],[40.88153,-2.04541],[40.87793,-2.0451],[40.87488,-2.04419],[40.88232,-2.04108],[40.87732,-2.03259],[40.88489,-2.0343],[40.88647,-2.03479],[40.89069,-2.03741],[40.89832,-2.04401],[40.90033,-2.02728],[40.90308,-2.01062],[40.88953,-2.0141],[40.87927,-2.01691],[40.87268,-2.01147],[40.8645,-2.01318],[40.85913,-2.02051],[40.85529,-2.01672],[40.8399,-2.0188],[40.83087,-2.01691],[40.83289,-2.0105],[40.84711,-2.00879],[40.85852,-2.00928],[40.86292,-2.00311],[40.87128,-2.00452],[40.8689,-1.99982],[40.86353,-1.99219],[40.8573,-1.9903],[40.85553,-1.98743],[40.83911,-1.97742],[40.8363,-1.97913],[40.8269,-1.97748],[40.82629,-1.9762],[40.82269,-1.9743],[40.81689,-1.97339],[40.81409,-1.97302],[40.81873,-1.96863],[40.80109,-1.96301],[40.79449,-1.95532],[40.79211,-1.95251],[40.78528,-1.948],[40.77411,-1.94238],[40.7713,-1.94098],[40.77533,-1.93451],[40.77472,-1.94],[40.7785,-1.94098],[40.78632,-1.93738],[40.78589,-1.94122],[40.80353,-1.94397],[40.80408,-1.94861],[40.80988,-1.95221],[40.81348,-1.94672],[40.81671,-1.94989],[40.81628,-1.95172],[40.81488,-1.95319],[40.82068,-1.95502],[40.8277,-1.95477],[40.83228,-1.95428],[40.83148,-1.95697],[40.84229,-1.95959],[40.84412,-1.9574],[40.83948,-1.94672],[40.83612,-1.94012],[40.84088,-1.93048],[40.84332,-1.94049],[40.84729,-1.94421],[40.85107,-1.9458],[40.85571,-1.95782],[40.85468,-1.96619],[40.86407,-1.97119],[40.86768,-1.96667],[40.86731,-1.95929],[40.8717,-1.95941],[40.87408,-1.96771],[40.88013,-1.96991],[40.87512,-1.98212],[40.87469,-1.98438],[40.87891,-1.98682],[40.88428,-1.99121],[40.89093,-1.98999],[40.89252,-1.99103],[40.89227,-1.99249],[40.89508,-1.98419],[40.90271,-1.98279],[40.90527,-1.98907],[40.92072,-1.9986],[40.92529,-2.01019],[40.9361,-2.01611],[40.93127,-2.01788],[40.93091,-2.02222],[40.92651,-2.02191],[40.92187,-2.02472],[40.92529,-2.03088],[40.9303,-2.03729],[40.93628,-2.04541],[40.94269,-2.05798],[40.93689,-2.06171],[40.94287,-2.07233],[40.94769,-2.07611],[40.94952,-2.07202],[40.95209,-2.0639],[40.95673,-2.06842],[40.96228,-2.06421],[40.95789,-2.0545],[40.96069,-2.04181],[40.9585,-2.04218],[40.95673,-2.03992],[40.9563,-2.03027],[40.94952,-2.02667],[40.95251,-2.0163],[40.96149,-2.00403],[40.95929,-1.99408],[40.96069,-1.99908],[40.96252,-1.99188],[40.96552,-1.97418],[40.97131,-1.96362],[40.96912,-1.9577],[40.96448,-1.94568],[40.96173,-1.94232],[40.96667,-1.93518],[40.97589,-1.92792],[40.97528,-1.93011],[40.97711,-1.92657],[40.97729,-1.92059],[40.98767,-1.92542],[40.98932,-1.91962],[40.98468,-1.91541],[40.98169,-1.90381],[40.98608,-1.91119],[40.99011,-1.90869],[41.00128,-1.90332],[40.99707,-1.90271],[41.00012,-1.90082],[40.99933,-1.89648],[41.00311,-1.88599],[41.0097,-1.89502],[41.01111,-1.89038],[41.01947,-1.89209],[41.02667,-1.88348],[41.0379,-1.87433],[41.04108,-1.86548],[41.04687,-1.87341],[41.05188,-1.87921],[41.04871,-1.88458],[41.04773,-1.89001],[41.03851,-1.89368],[41.02429,-1.90417],[41.02448,-1.90692],[41.02112,-1.9046],[41.0105,-1.91278],[41.01349,-1.91919],[41.00732,-1.91882],[41.00708,-1.9234],[41.00391,-1.91913],[40.9873,-1.94232],[40.98688,-1.94598],[40.98309,-1.94641],[40.98907,-1.9566],[40.99152,-1.95532],[40.9939,-1.9588],[40.9903,-1.95868],[40.99048,-1.9682],[40.99048,-1.97748],[40.99109,-1.97931],[40.98889,-1.98212],[40.98352,-1.99359],[40.98792,-2.00378],[40.9903,-2.01001],[40.98688,-2.01202],[40.98608,-2.01019],[40.98932,-2.02179],[40.99048,-2.02789],[40.99408,-2.03223],[41.00568,-2.02808],[41.01093,-2.03357],[41.00708,-2.04108],[41.01288,-2.04437],[41.01208,-2.04749],[41.01471,-2.04529],[41.02271,-2.03717],[41.0213,-2.03528],[41.02869,-2.04163],[41.03131,-2.0368],[41.03693,-2.02588],[41.04108,-2.0191],[41.04468,-2.0119],[41.05267,-2.00818],[41.05768,-2.00439],[41.05847,-2.01379],[41.0611,-2.0083],[41.0639,-2.00153],[41.05969,-1.99823],[41.06348,-1.99438],[41.0639,-1.98871],[41.06488,-1.98431],[41.0661,-1.97882],[41.07727,-1.97479],[41.08148,-1.97308],[41.08673,-1.97058],[41.0885,-1.96881],[41.0943,-1.96863],[41.09631,-1.96637],[41.10388,-1.966],[41.10913,-1.9635],[41.11511,-1.96191],[41.11591,-1.96942],[41.1203,-1.96863],[41.12109,-1.96332],[41.12531,-1.96191],[41.1283,-1.95947],[41.1427,-1.95422],[41.14587,-1.95178],[41.14789,-1.95331],[41.16467,-1.93481],[41.16248,-1.93079],[41.17212,-1.92218],[41.17767,-1.92261],[41.17908,-1.91748],[41.18768,-1.91602],[41.19171,-1.91193],[41.19672,-1.90839],[41.19952,-1.9054],[41.2085,-1.89838],[41.22607,-1.88849],[41.22449,-1.8963],[41.22247,-1.90161],[41.21851,-1.90979],[41.23187,-1.90228],[41.2345,-1.9024],[41.23529,-1.91089],[41.23828,-1.90839],[41.23651,-1.9165],[41.24188,-1.9162],[41.24292,-1.91302],[41.24652,-1.9118],[41.25153,-1.9079],[41.24811,-1.91278],[41.25012,-1.91687],[41.25012,-1.92322],[41.25189,-1.92712],[41.24329,-1.93817],[41.23633,-1.93781],[41.24048,-1.94269],[41.23907,-1.94739],[41.23608,-1.9494],[41.24548,-1.95178],[41.24652,-1.94611],[41.25269,-1.9436],[41.25568,-1.93909],[41.26233,-1.93201],[41.26471,-1.93848],[41.26892,-1.9375],[41.28009,-1.93842],[41.28192,-1.9436],[41.28247,-1.9538],[41.2771,-1.96948],[41.27728,-1.98169],[41.28668,-1.97198],[41.2973,-1.95911],[41.3067,-1.95319],[41.31207,-1.95618],[41.31152,-1.96082],[41.31268,-1.95502],[41.31653,-1.9472],[41.3233,-1.94318],[41.32129,-1.94067],[41.33191,-1.92511],[41.34229,-1.91138],[41.35028,-1.9079],[41.35608,-1.89691],[41.36932,-1.88483],[41.37567,-1.87872],[41.38672,-1.87079],[41.38611,-1.86603],[41.38373,-1.86639],[41.37567,-1.86243],[41.37048,-1.8609],[41.36493,-1.86292],[41.37012,-1.85968],[41.37769,-1.8548],[41.38391,-1.86353],[41.39569,-1.85303],[41.39508,-1.84509],[41.41028,-1.8313],[41.41791,-1.82727],[41.4245,-1.81653],[41.4231,-1.81458],[41.42871,-1.80188],[41.4527,-1.77911],[41.46191,-1.7691],[41.47968,-1.74988],[41.49469,-1.73651],[41.51971,-1.70001],[41.56207,-1.65857],[41.56198,-1.65864],[40.9029,-1.71448],[40.20794,-2.03289]]],[[[41.08551,-2.05243],[41.08112,-2.05353],[41.07672,-2.06122],[41.07611,-2.0766],[41.06268,-2.08618],[41.06812,-2.09729],[41.06152,-2.09601],[41.05713,-2.10242],[41.05267,-2.11871],[41.05811,-2.1167],[41.05328,-2.12988],[41.04852,-2.13129],[41.04547,-2.13342],[41.05688,-2.13458],[41.07709,-2.12732],[41.06787,-2.125],[41.07288,-2.12091],[41.07831,-2.12091],[41.07831,-2.11578],[41.07672,-2.11328],[41.08008,-2.1106],[41.0871,-2.11639],[41.08972,-2.11072],[41.08472,-2.11731],[41.08447,-2.12927],[41.08929,-2.13342],[41.08508,-2.13489],[41.09448,-2.138],[41.1123,-2.13342],[41.11249,-2.12677],[41.10968,-2.12439],[41.10651,-2.12152],[41.10889,-2.11389],[41.10449,-2.10852],[41.09448,-2.0976],[41.09851,-2.09497],[41.10168,-2.09137],[41.1095,-2.0802],[41.1145,-2.08002],[41.11853,-2.07837],[41.13489,-2.08142],[41.13989,-2.08862],[41.13733,-2.09351],[41.1449,-2.0943],[41.15033,-2.08929],[41.15851,-2.08722],[41.1637,-2.08081],[41.1615,-2.07178],[41.14648,-2.06848],[41.13733,-2.06097],[41.1369,-2.06311],[41.12732,-2.07233],[41.13129,-2.07068],[41.13092,-2.0661],[41.12567,-2.0611],[41.11469,-2.05872],[41.11731,-2.06689],[41.10669,-2.05298],[41.09528,-2.0509],[41.09729,-2.0564],[41.08551,-2.05243]]],[[[40.89191,-2.24792],[40.88507,-2.2486],[40.87891,-2.24841],[40.87567,-2.25513],[40.87329,-2.2561],[40.86908,-2.25232],[40.86548,-2.25739],[40.85791,-2.25732],[40.84271,-2.25787],[40.83948,-2.26367],[40.83612,-2.2677],[40.84192,-2.27332],[40.84491,-2.27661],[40.83313,-2.27802],[40.82349,-2.27509],[40.82068,-2.27899],[40.81653,-2.28943],[40.81348,-2.29761],[40.81409,-2.31628],[40.81653,-2.33179],[40.84851,-2.30719],[40.89111,-2.29309],[40.91333,-2.2948],[40.90588,-2.27509],[40.89191,-2.24792]]],[[[40.9729,-2.22223],[40.96753,-2.22241],[40.96509,-2.22467],[40.96991,-2.2276],[40.9729,-2.23431],[40.97028,-2.24091],[40.97192,-2.24359],[40.97168,-2.24982],[40.96448,-2.25562],[40.95813,-2.25403],[40.9549,-2.24933],[40.96368,-2.24042],[40.95648,-2.23578],[40.95172,-2.23151],[40.94611,-2.23132],[40.9491,-2.23651],[40.94189,-2.24512],[40.93707,-2.2547],[40.93951,-2.25787],[40.93152,-2.255],[40.93793,-2.23718],[40.9281,-2.23712],[40.92407,-2.2323],[40.90973,-2.22198],[40.90472,-2.22089],[40.90253,-2.23322],[40.90527,-2.24323],[40.90948,-2.25269],[40.92792,-2.27838],[40.9447,-2.27911],[40.96332,-2.27722],[40.96088,-2.2876],[40.95551,-2.2948],[40.9505,-2.29199],[40.93732,-2.28918],[40.92572,-2.29468],[40.92651,-2.2984],[40.92151,-2.29608],[40.91467,-2.30353],[40.91528,-2.31293],[40.92389,-2.31769],[40.94489,-2.31409],[40.95911,-2.30231],[40.96808,-2.28729],[40.97333,-2.2735],[40.98529,-2.25623],[40.97748,-2.23602],[40.9729,-2.22223]]],[[[41.05353,-2.08588],[41.04388,-2.08783],[41.02832,-2.09412],[41.0199,-2.10132],[41.00653,-2.09692],[41.00348,-2.1059],[41.0011,-2.11011],[40.99451,-2.10822],[40.99609,-2.0993],[40.99048,-2.09888],[40.97028,-2.10919],[40.97369,-2.11682],[40.98053,-2.11859],[40.98492,-2.12408],[40.99231,-2.13428],[41.01288,-2.13818],[41.01672,-2.13373],[41.00848,-2.12592],[41.01929,-2.12549],[41.02667,-2.11829],[41.04028,-2.10809],[41.0517,-2.10773],[41.05988,-2.0946],[41.05768,-2.08698],[41.05353,-2.08588]]],[[[41.27893,-2.0014],[41.28693,-1.98938],[41.30328,-1.97089],[41.3045,-1.96448],[41.2829,-1.98547],[41.27667,-1.99402],[41.27209,-1.99762],[41.27032,-2.0011],[41.26752,-2.00299],[41.25671,-2.01819],[41.24969,-2.02991],[41.2561,-2.02881],[41.26569,-2.01361],[41.27893,-2.0014]]],[[[41.43811,-1.83643],[41.43329,-1.83502],[41.43268,-1.83618],[41.41089,-1.85162],[41.38647,-1.88562],[41.42151,-1.8526],[41.43188,-1.84412],[41.43811,-1.83643]]],[[[41.14008,-2.10419],[41.13373,-2.09259],[41.13129,-2.08661],[41.13031,-2.09741],[41.12732,-2.10663],[41.15131,-2.1123],[41.15308,-2.1062],[41.1507,-2.10321],[41.14508,-2.10071],[41.14008,-2.10419]]],[[[41.16467,-1.95831],[41.16193,-1.95831],[41.15851,-1.95581],[41.15552,-1.95599],[41.15253,-1.96082],[41.14948,-1.95831],[41.14832,-1.96448],[41.14392,-1.96887],[41.1557,-1.96979],[41.16992,-1.96582],[41.17548,-1.9657],[41.1745,-1.96332],[41.16827,-1.95868],[41.16467,-1.95831]]],[[[41.05847,-2.15948],[41.05511,-2.14893],[41.04309,-2.15112],[41.04572,-2.15881],[41.05847,-2.15948]]],[[[41.15729,-1.97571],[41.15228,-1.97467],[41.15009,-1.98077],[41.14508,-1.97998],[41.14227,-1.98358],[41.15332,-1.98322],[41.15448,-1.98053],[41.16211,-1.98431],[41.15729,-1.97571]]],[[[40.98608,-2.14111],[40.97888,-2.14209],[40.97571,-2.1496],[40.97949,-2.15192],[40.98828,-2.14172],[40.98608,-2.14111]]],[[[41.50452,-1.75513],[41.5127,-1.74792],[41.50787,-1.75092],[41.50208,-1.75537],[41.49628,-1.75842],[41.49188,-1.76581],[41.50488,-1.758],[41.50452,-1.75513]]],[[[41.34351,-1.92542],[41.3399,-1.92181],[41.33807,-1.92261],[41.32928,-1.93561],[41.34351,-1.92542]]],[[[41.20227,-2.00269],[41.2027,-2.00763],[41.20111,-2.00818],[41.21252,-2.01202],[41.21368,-2.01147],[41.20947,-2.00751],[41.20227,-2.00269]]],[[[40.71307,-2.2951],[40.71008,-2.29321],[40.71228,-2.30212],[40.71753,-2.30103],[40.71753,-2.29541],[40.71307,-2.2951]]],[[[41.3493,-1.92041],[41.36151,-1.90881],[41.36151,-1.90582],[41.35748,-1.90558],[41.3573,-1.90833],[41.35089,-1.91443],[41.34808,-1.9209],[41.3493,-1.92041]]],[[[40.97168,-2.04779],[40.96912,-2.04071],[40.96692,-2.0509],[40.97351,-2.05048],[40.97168,-2.04779]]],[[[41.27728,-1.94641],[41.27411,-1.94922],[41.27533,-1.95758],[41.28027,-1.94989],[41.27948,-1.94678],[41.27728,-1.94641]]],[[[40.75873,-2.26349],[40.75409,-2.26111],[40.75812,-2.26617],[40.76813,-2.2627],[40.76489,-2.263],[40.75873,-2.26349]]],[[[41.18671,-1.98187],[41.1875,-1.96918],[41.18591,-1.97351],[41.18451,-1.97742],[41.18671,-1.98187]]],[[[41.22589,-1.9115],[41.23169,-1.90973],[41.23468,-1.90552],[41.22827,-1.90552],[41.22467,-1.91052],[41.22589,-1.9115]]],[[[40.9859,-2.22418],[40.9837,-2.22278],[40.98248,-2.22351],[40.98328,-2.22571],[40.98889,-2.22882],[40.99213,-2.22852],[40.99072,-2.22369],[40.9859,-2.22418]]],[[[41.02692,-2.13971],[41.02533,-2.13721],[41.02228,-2.13593],[41.02032,-2.13739],[41.01971,-2.14063],[41.02173,-2.14001],[41.02429,-2.1427],[41.02692,-2.13971]]],[[[40.74512,-2.25519],[40.74213,-2.25519],[40.74091,-2.258],[40.7439,-2.25781],[40.74768,-2.26111],[40.74933,-2.25708],[40.74512,-2.25519]]],[[[40.7829,-2.28607],[40.78229,-2.28308],[40.7851,-2.27979],[40.78412,-2.2785],[40.78149,-2.2796],[40.77728,-2.2865],[40.7829,-2.28607]]],[[[41.21008,-1.91382],[41.20587,-1.91461],[41.20612,-1.92023],[41.21149,-1.91852],[41.21173,-1.91479],[41.21008,-1.91382]]],[[[41.39868,-1.85498],[41.39288,-1.86102],[41.39508,-1.86139],[41.4021,-1.85712],[41.39868,-1.85498]]],[[[40.81653,-2.2511],[40.82172,-2.2486],[40.82428,-2.2428],[40.81708,-2.24829],[40.81567,-2.25067],[40.81653,-2.2511]]],[[[41.17871,-1.9859],[41.17731,-1.9837],[41.17529,-1.98541],[41.17493,-1.99011],[41.18048,-1.98718],[41.17871,-1.9859]]],[[[40.78809,-2.27777],[40.79089,-2.2738],[40.7879,-2.27209],[40.7865,-2.27289],[40.78632,-2.27692],[40.78809,-2.27777]]],[[[41.34729,-1.91431],[41.34167,-1.9129],[41.33728,-1.9187],[41.3385,-1.91919],[41.34253,-1.91498],[41.34729,-1.91431]]],[[[41.07971,-2.13062],[41.08008,-2.12799],[41.07867,-2.13379],[41.08289,-2.13458],[41.08252,-2.13068],[41.07971,-2.13062]]],[[[41.11072,-2.05359],[41.1123,-2.05072],[41.11047,-2.04828],[41.10791,-2.05072],[41.10852,-2.0528],[41.11072,-2.05359]]],[[[40.8161,-2.2337],[40.81189,-2.23383],[40.80933,-2.23688],[40.81628,-2.23608],[40.8161,-2.2337]]],[[[41.25232,-1.9599],[41.24988,-1.95709],[41.24707,-1.95892],[41.24969,-1.961],[41.25409,-1.96161],[41.25232,-1.9599]]],[[[41.37347,-1.89337],[41.38031,-1.88629],[41.37689,-1.88568],[41.37347,-1.89337]]],[[[41.18628,-1.94812],[41.1853,-1.9436],[41.18488,-1.948],[41.1817,-1.94781],[41.18512,-1.95203],[41.18628,-1.94812]]],[[[41.20929,-1.90802],[41.20892,-1.90637],[41.20691,-1.90649],[41.20868,-1.91193],[41.21271,-1.909],[41.20929,-1.90802]]],[[[41.26471,-1.948],[41.26727,-1.94708],[41.26727,-1.94568],[41.26233,-1.94598],[41.26208,-1.94733],[41.26471,-1.948]]],[[[41.5097,-1.74738],[41.51093,-1.74542],[41.50787,-1.74139],[41.5069,-1.74268],[41.5097,-1.74738]]],[[[41.22351,-1.91791],[41.22467,-1.91357],[41.2215,-1.91553],[41.2215,-1.91803],[41.22351,-1.91791]]],[[[40.99628,-2.09698],[40.9953,-2.0921],[40.99249,-2.09473],[40.99628,-2.09698]]],[[[41.2085,-1.93079],[41.20947,-1.92609],[41.20587,-1.92908],[41.2085,-1.93079]]],[[[41.23969,-1.9234],[41.24329,-1.91937],[41.23993,-1.91998],[41.23853,-1.92261],[41.23969,-1.9234]]],[[[41.23932,-1.95679],[41.23749,-1.95801],[41.24432,-1.95923],[41.23932,-1.95679]]],[[[41.10553,-2.05121],[41.10571,-2.04871],[41.10309,-2.04761],[41.10327,-2.05048],[41.10553,-2.05121]]],[[[41.45227,-1.81891],[41.45532,-1.81409],[41.45532,-1.81061],[41.45392,-1.81561],[41.45148,-1.81818],[41.45227,-1.81891]]],[[[41.21368,-1.9223],[41.2113,-1.92078],[41.20929,-1.92358],[41.21191,-1.92279],[41.21173,-1.92493],[41.21368,-1.9223]]],[[[41.23328,-1.92853],[41.2337,-1.9267],[41.23108,-1.92352],[41.23187,-1.9281],[41.23328,-1.92853]]],[[[40.81268,-2.24341],[40.81653,-2.24078],[40.81348,-2.24109],[40.81171,-2.24298],[40.81268,-2.24341]]],[[[41.43707,-1.82361],[41.43872,-1.81848],[41.43628,-1.82178],[41.43707,-1.82361]]],[[[40.9325,-2.2301],[40.93268,-2.22858],[40.9303,-2.22748],[40.9295,-2.22888],[40.9325,-2.2301]]],[[[40.75952,-2.27661],[40.76031,-2.27539],[40.75787,-2.2738],[40.75751,-2.27539],[40.75952,-2.27661]]],[[[41.24353,-1.95508],[41.23969,-1.95563],[41.2439,-1.95709],[41.24353,-1.95508]]],[[[41.4751,-1.80328],[41.47632,-1.79962],[41.47351,-1.80298],[41.4751,-1.80328]]],[[[41.23688,-1.95618],[41.23749,-1.9538],[41.23492,-1.95398],[41.23492,-1.95587],[41.23688,-1.95618]]],[[[40.99707,-2.09009],[40.99689,-2.09149],[40.99951,-2.09161],[40.99908,-2.09009],[40.99707,-2.09009]]],[[[41.43988,-1.83502],[41.44067,-1.83191],[41.43909,-1.83362],[41.43988,-1.83502]]],[[[40.7251,-2.2561],[40.7243,-2.25378],[40.72308,-2.25403],[40.7251,-2.2561]]],[[[41.36511,-1.90613],[41.36713,-1.90417],[41.36432,-1.9054],[41.36511,-1.90613]]],[[[41.48431,-1.7854],[41.48413,-1.78278],[41.48328,-1.7851],[41.48431,-1.7854]]]]}},{"type":"Feature","properties":{"code":"003","name":"Kilifi","sourceName":"Kilifi","shapeID":"32016919B27781338411646","level":"county","source":"geoBoundaries gbOpen KEN ADM1 (RCMRD GeoPortal)","license":"geoBoundaries gbOpen — underlying source Public Domain; cite geoBoundaries (CC BY 4.0 citation requested)","classification":"official","approximate":false},"geometry":{"type":"MultiPolygon","coordinates":[[[[39.21737,-3.07293],[39.15393,-3.32343],[39.29993,-3.5683],[39.31891,-3.56378],[39.32672,-3.58728],[39.34448,-3.59521],[39.3479,-3.6051],[39.34833,-3.63702],[39.35449,-3.65271],[39.3537,-3.69238],[39.34991,-3.69202],[39.34668,-3.70111],[39.35211,-3.71271],[39.35651,-3.72668],[39.39093,-3.73541],[39.39172,-3.7652],[39.38049,-3.77051],[39.38849,-3.78131],[39.37549,-3.78961],[39.37732,-3.80658],[39.39673,-3.82349],[39.40747,-3.82233],[39.42029,-3.8194],[39.44513,-3.84747],[39.46613,-3.85779],[39.48932,-3.88062],[39.50012,-3.90131],[39.50952,-3.9079],[39.52032,-3.9162],[39.52069,-3.9278],[39.52789,-3.9364],[39.54431,-3.96912],[39.54071,-3.98608],[39.54773,-3.98608],[39.56372,-3.98688],[39.56738,-3.99278],[39.57391,-3.98541],[39.56769,-3.97571],[39.57013,-3.97223],[39.5863,-3.9599],[39.59808,-3.94733],[39.60529,-3.95251],[39.60852,-3.95831],[39.6181,-3.95673],[39.61987,-3.95789],[39.62769,-3.96191],[39.64368,-3.9566],[39.65009,-3.95758],[39.64771,-3.95068],[39.65271,-3.9433],[39.6485,-3.93799],[39.6499,-3.93402],[39.64728,-3.93402],[39.64288,-3.9317],[39.67047,-3.9187],[39.6889,-3.92187],[39.69031,-3.91913],[39.69049,-3.914],[39.69287,-3.9071],[39.69769,-3.9104],[39.70111,-3.9057],[39.70868,-3.89771],[39.71228,-3.89331],[39.71667,-3.8996],[39.7049,-3.91571],[39.70508,-3.92133],[39.70453,-3.9278],[39.70868,-3.92999],[39.70947,-3.93958],[39.7157,-3.94568],[39.72552,-3.94952],[39.73108,-3.94562],[39.74408,-3.95178],[39.75848,-3.94952],[39.77191,-3.94153],[39.78589,-3.90552],[39.81268,-3.85608],[39.82312,-3.83289],[39.8299,-3.80597],[39.84009,-3.77618],[39.84369,-3.76141],[39.85327,-3.7403],[39.86151,-3.71588],[39.86469,-3.70648],[39.86969,-3.69299],[39.86328,-3.67548],[39.85449,-3.6792],[39.83911,-3.67511],[39.84052,-3.67297],[39.85449,-3.67761],[39.86511,-3.6745],[39.86713,-3.6521],[39.84949,-3.63409],[39.83807,-3.63269],[39.83331,-3.633],[39.82867,-3.63708],[39.82831,-3.6333],[39.82532,-3.6369],[39.8183,-3.64539],[39.8053,-3.64722],[39.8009,-3.63953],[39.79272,-3.63141],[39.78851,-3.6275],[39.77911,-3.62329],[39.78412,-3.6167],[39.78967,-3.6181],[39.79608,-3.62531],[39.80908,-3.62048],[39.80389,-3.61798],[39.7959,-3.6106],[39.77972,-3.60968],[39.77228,-3.59351],[39.7749,-3.58679],[39.77753,-3.58038],[39.78571,-3.5777],[39.78009,-3.58441],[39.78113,-3.59412],[39.7771,-3.5929],[39.77832,-3.60291],[39.78772,-3.60687],[39.7915,-3.60431],[39.81311,-3.60162],[39.82507,-3.61407],[39.83447,-3.62012],[39.84387,-3.6308],[39.85687,-3.63342],[39.86969,-3.62799],[39.87567,-3.6142],[39.8891,-3.59058],[39.89368,-3.57483],[39.90332,-3.56],[39.92572,-3.49823],[39.93591,-3.47479],[39.95453,-3.43341],[39.96692,-3.40649],[39.96509,-3.39832],[39.95172,-3.38348],[39.94348,-3.37769],[39.93512,-3.38672],[39.94153,-3.37097],[39.93408,-3.36951],[39.93951,-3.36401],[39.9375,-3.34729],[39.9455,-3.34491],[39.9541,-3.34338],[39.9505,-3.3371],[39.94971,-3.33038],[39.97552,-3.31781],[39.98932,-3.3125],[39.99591,-3.31201],[39.98767,-3.32257],[39.98871,-3.33911],[39.98993,-3.354],[39.99048,-3.36218],[39.99548,-3.36121],[39.99213,-3.36731],[39.98633,-3.36731],[39.97131,-3.37329],[39.97089,-3.38629],[39.99548,-3.36963],[40.01068,-3.35687],[40.01251,-3.3559],[40.01892,-3.35291],[40.02448,-3.35211],[40.02472,-3.34711],[40.0741,-3.3161],[40.09991,-3.30292],[40.11951,-3.28668],[40.12469,-3.27582],[40.12292,-3.26959],[40.12909,-3.25848],[40.13129,-3.25159],[40.12793,-3.24628],[40.12769,-3.22021],[40.12512,-3.21667],[40.1167,-3.20178],[40.13348,-3.16162],[40.13092,-3.16321],[40.13129,-3.15613],[40.12549,-3.14618],[40.14752,-3.14099],[40.16168,-3.12341],[40.15869,-3.09558],[40.15771,-3.0744],[40.17212,-3.06311],[40.16852,-3.04938],[40.18073,-3.02991],[40.19531,-3.01398],[40.20471,-3.00238],[40.2215,-2.99811],[40.23749,-2.99292],[40.24011,-2.97681],[40.23669,-2.9751],[40.22888,-2.98132],[40.2251,-2.98798],[40.21008,-2.99219],[40.19287,-2.9931],[40.17792,-3.01001],[40.16687,-3.0174],[40.16193,-3.03333],[40.15668,-3.02728],[40.15253,-3.03003],[40.14893,-3.03491],[40.15149,-3.03961],[40.14948,-3.0423],[40.14392,-3.03778],[40.14392,-3.03278],[40.14209,-3.0235],[40.14648,-3.01453],[40.15149,-3.0058],[40.14893,-3.00879],[40.14948,-2.99792],[40.15131,-2.9729],[40.14948,-2.94031],[40.15729,-2.9375],[40.15588,-2.9328],[40.15729,-2.92383],[40.15887,-2.91302],[40.1521,-2.91962],[40.14771,-2.91803],[40.15033,-2.91418],[40.15369,-2.90723],[40.15692,-2.90491],[40.15887,-2.91028],[40.16071,-2.9115],[40.16412,-2.90088],[40.16949,-2.88867],[40.16351,-2.8916],[40.15588,-2.89642],[40.14612,-2.89911],[40.14429,-2.89178],[40.14972,-2.89008],[40.15472,-2.88348],[40.1521,-2.87231],[40.15491,-2.86713],[40.1571,-2.88037],[40.16827,-2.85559],[40.16913,-2.85602],[40.16992,-2.85889],[40.17432,-2.83881],[40.18372,-2.83008],[40.17853,-2.82867],[40.17932,-2.81708],[40.18091,-2.81677],[40.17291,-2.80042],[40.16791,-2.79248],[40.16553,-2.7973],[40.16071,-2.79187],[40.15668,-2.78607],[40.15808,-2.7774],[40.16608,-2.77942],[40.16748,-2.77332],[40.16193,-2.77081],[40.16351,-2.76709],[40.16229,-2.7569],[40.16589,-2.75922],[40.16949,-2.76147],[40.1709,-2.75702],[40.17072,-2.7514],[40.16968,-2.74158],[40.16748,-2.74237],[40.16351,-2.73602],[40.1615,-2.72888],[40.16528,-2.72968],[40.16248,-2.7157],[40.17133,-2.71478],[40.17407,-2.71661],[40.17568,-2.71367],[39.88972,-2.31006],[39.21837,-3.0695],[39.21737,-3.07293]]],[[[40.16412,-2.93817],[40.16412,-2.9137],[40.1665,-2.90112],[40.16089,-2.93152],[40.16071,-2.9389],[40.16333,-2.94702],[40.16412,-2.93817]]],[[[39.96411,-3.35687],[39.96448,-3.35071],[39.96228,-3.35712],[39.94989,-3.3584],[39.94812,-3.3606],[39.95471,-3.36578],[39.95929,-3.36542],[39.96411,-3.35687]]],[[[40.17856,-2.71773],[40.17468,-2.72369],[40.17371,-2.7359],[40.17712,-2.73669],[40.18073,-2.72351],[40.17889,-2.72418],[40.17731,-2.72168],[40.17906,-2.71836],[40.17856,-2.71773]]],[[[39.97412,-3.35101],[39.97388,-3.3446],[39.96973,-3.33801],[39.96729,-3.34552],[39.97052,-3.35022],[39.97412,-3.35101]]],[[[40.16132,-2.96942],[40.16168,-2.95947],[40.1601,-2.95477],[40.15771,-2.96283],[40.1593,-2.96863],[40.16132,-2.96942]]],[[[40.1825,-2.74512],[40.18231,-2.74139],[40.18048,-2.73969],[40.17767,-2.74078],[40.17407,-2.74573],[40.17529,-2.74719],[40.17853,-2.74512],[40.1825,-2.74512]]],[[[40.17029,-2.88123],[40.17072,-2.8667],[40.16827,-2.8681],[40.16711,-2.87183],[40.16888,-2.88031],[40.17029,-2.88123]]],[[[39.97949,-3.36462],[39.98547,-3.35712],[39.97827,-3.35968],[39.97949,-3.36462]]],[[[40.16571,-2.78748],[40.1651,-2.78058],[40.16089,-2.7807],[40.16248,-2.78552],[40.16571,-2.78748]]],[[[40.18573,-2.75372],[40.18732,-2.74878],[40.19171,-2.74268],[40.18927,-2.74292],[40.18408,-2.75378],[40.18573,-2.75372]]],[[[40.17407,-2.78821],[40.17047,-2.78528],[40.16827,-2.78632],[40.16827,-2.78778],[40.17249,-2.78931],[40.1723,-2.79211],[40.17371,-2.79291],[40.17407,-2.78821]]],[[[40.18268,-2.78162],[40.18591,-2.77301],[40.18408,-2.771],[40.18091,-2.77979],[40.18268,-2.78162]]],[[[40.17712,-2.97479],[40.17633,-2.96771],[40.17029,-2.95929],[40.16992,-2.96057],[40.17633,-2.9704],[40.17712,-2.97479]]],[[[40.17389,-2.77649],[40.17712,-2.7724],[40.17633,-2.76947],[40.17389,-2.77112],[40.17249,-2.77533],[40.17389,-2.77649]]],[[[40.16791,-2.98022],[40.1731,-2.97131],[40.17047,-2.97247],[40.17029,-2.97498],[40.16669,-2.97852],[40.16791,-2.98022]]],[[[40.18488,-2.81421],[40.18433,-2.8092],[40.18213,-2.81183],[40.18488,-2.81421]]],[[[40.1759,-2.76587],[40.18109,-2.75873],[40.17572,-2.76361],[40.17493,-2.76532],[40.1759,-2.76587]]],[[[40.16888,-2.73907],[40.17029,-2.73792],[40.16931,-2.73523],[40.16669,-2.73798],[40.16888,-2.73907]]],[[[40.1723,-2.73358],[40.17169,-2.73053],[40.17047,-2.73022],[40.16968,-2.73242],[40.1723,-2.73358]]],[[[40.18628,-2.7464],[40.18707,-2.74078],[40.18549,-2.74481],[40.18628,-2.7464]]],[[[39.98712,-3.34961],[39.9873,-3.3468],[39.98608,-3.34808],[39.98712,-3.34961]]]]}},{"type":"Feature","properties":{"code":"006","name":"Taita-Taveta","sourceName":"Taita Taveta","shapeID":"32016919B21030921481039","level":"county","source":"geoBoundaries gbOpen KEN ADM1 (RCMRD GeoPortal)","license":"geoBoundaries gbOpen — underlying source Public Domain; cite geoBoundaries (CC BY 4.0 citation requested)","classification":"official","approximate":false},"geometry":{"type":"Polygon","coordinates":[[[39.07511,-3.04114],[39.05227,-3.03239],[39.04266,-3.02822],[39.04327,-3.02098],[39.02778,-3.02058],[39.01493,-3.02459],[38.99897,-3.02461],[38.98061,-3.0393],[38.9535,-3.03952],[38.93149,-3.04042],[38.91476,-3.04476],[38.89762,-3.03866],[38.86346,-3.05753],[38.84735,-3.06095],[38.84182,-3.05332],[38.82701,-3.06042],[38.8056,-3.06855],[38.7979,-3.06096],[38.8078,-3.05927],[38.80934,-3.05309],[38.78024,-3.0488],[38.75529,-3.0461],[38.72479,-3.03708],[38.70272,-3.03277],[38.69034,-3.03751],[38.67141,-3.03697],[38.66151,-3.02885],[38.64285,-3.01215],[38.62973,-3.01224],[38.60704,-3.00307],[38.60862,-2.99462],[38.59422,-2.99855],[38.56297,-2.98642],[38.5443,-2.9794],[38.53148,-2.97608],[38.51908,-2.97483],[38.51318,-2.98317],[38.4926,-2.98346],[38.4767,-2.98518],[38.46613,-2.98798],[38.45883,-2.99105],[38.44871,-2.97214],[38.41783,-2.94289],[38.40342,-2.9261],[38.38158,-2.9182],[38.3199,-2.83315],[38.27061,-2.77002],[38.23653,-2.74217],[38.16715,-2.69441],[38.16154,-2.67987],[38.15697,-2.69412],[38.14477,-2.69968],[38.13618,-2.6993],[38.12765,-2.69896],[38.11686,-2.70584],[38.10886,-2.71651],[37.97371,-2.78859],[37.9394,-2.77698],[37.89512,-2.88588],[37.86542,-3.07877],[37.85286,-3.17816],[37.84777,-3.18241],[37.83703,-3.18567],[37.82967,-3.17994],[37.81886,-3.17331],[37.80718,-3.16755],[37.79574,-3.16964],[37.79198,-3.172],[37.69059,-3.17889],[37.68445,-3.31998],[37.67954,-3.35266],[37.61803,-3.39955],[37.58476,-3.45976],[37.59743,-3.45583],[37.61869,-3.45741],[37.62292,-3.47195],[37.61326,-3.49319],[37.60617,-3.50177],[37.60168,-3.51267],[37.60863,-3.5192],[37.66936,-3.50613],[37.68432,-3.51061],[37.69647,-3.52589],[37.7251,-3.53278],[37.74406,-3.54258],[37.74821,-3.56149],[37.78376,-3.67339],[38.44651,-4.13721],[38.70487,-4.04484],[39.03683,-3.75974],[38.92754,-3.6954],[38.96508,-3.63179],[39.06294,-3.68265],[39.15393,-3.32343],[39.21737,-3.07293],[39.21713,-3.07245],[39.21703,-3.07139],[39.2161,-3.06558],[39.19511,-3.0609],[39.17809,-3.0579],[39.1728,-3.05736],[39.1631,-3.06566],[39.15542,-3.05215],[39.14835,-3.04481],[39.14005,-3.0417],[39.13269,-3.03437],[39.12897,-3.02084],[39.11086,-3.02443],[39.08714,-3.04314],[39.08583,-3.0522],[39.07917,-3.05037],[39.07511,-3.04114]]]}},{"type":"Feature","properties":{"code":"002","name":"Kwale","sourceName":"Kwale","shapeID":"32016919B50438423394723","level":"county","source":"geoBoundaries gbOpen KEN ADM1 (RCMRD GeoPortal)","license":"geoBoundaries gbOpen — underlying source Public Domain; cite geoBoundaries (CC BY 4.0 citation requested)","classification":"official","approximate":false},"geometry":{"type":"MultiPolygon","coordinates":[[[[39.09229,-3.56708],[39.06127,-3.68927],[38.94162,-3.67147],[38.92751,-3.69546],[38.94527,-3.95891],[38.45019,-4.13588],[38.4465,-4.1372],[39.19128,-4.65808],[39.20227,-4.66577],[39.20648,-4.67133],[39.21332,-4.67407],[39.22009,-4.67468],[39.2251,-4.6651],[39.22009,-4.66748],[39.21307,-4.66553],[39.21429,-4.65869],[39.2157,-4.66302],[39.2207,-4.65082],[39.21368,-4.65253],[39.21088,-4.64679],[39.21527,-4.63593],[39.2215,-4.6347],[39.22931,-4.62982],[39.22247,-4.63159],[39.22668,-4.62439],[39.23029,-4.62311],[39.23248,-4.61987],[39.23389,-4.61139],[39.23511,-4.6156],[39.23889,-4.61377],[39.24152,-4.61133],[39.24152,-4.6062],[39.24408,-4.6087],[39.24872,-4.60358],[39.24908,-4.6098],[39.24829,-4.61298],[39.25348,-4.60291],[39.25592,-4.59967],[39.26288,-4.59979],[39.2627,-4.60272],[39.26428,-4.6001],[39.26428,-4.5976],[39.26031,-4.59473],[39.25189,-4.5921],[39.25128,-4.58429],[39.24432,-4.57758],[39.24188,-4.5694],[39.2525,-4.57532],[39.26208,-4.58209],[39.27112,-4.57837],[39.27271,-4.58398],[39.2771,-4.57898],[39.27728,-4.58289],[39.28229,-4.58032],[39.29468,-4.56659],[39.30627,-4.56781],[39.31628,-4.5661],[39.31732,-4.5603],[39.31311,-4.55188],[39.31909,-4.55682],[39.32312,-4.56073],[39.33032,-4.5603],[39.33588,-4.56671],[39.32971,-4.56519],[39.3219,-4.5708],[39.3161,-4.59082],[39.31689,-4.59839],[39.30847,-4.60687],[39.31848,-4.6026],[39.32532,-4.60938],[39.32288,-4.61041],[39.3219,-4.61328],[39.31952,-4.61798],[39.31372,-4.61328],[39.30988,-4.63147],[39.31171,-4.63318],[39.31708,-4.63031],[39.31812,-4.63458],[39.3197,-4.63147],[39.3233,-4.63788],[39.32892,-4.64081],[39.3479,-4.6347],[39.37952,-4.64508],[39.40289,-4.6427],[39.4007,-4.6283],[39.39612,-4.61542],[39.39069,-4.59607],[39.39093,-4.59021],[39.3941,-4.58069],[39.38812,-4.58917],[39.38788,-4.58087],[39.38531,-4.5658],[39.38348,-4.56201],[39.37927,-4.55542],[39.37628,-4.55157],[39.37793,-4.53949],[39.38812,-4.54419],[39.39252,-4.54327],[39.38989,-4.54761],[39.39392,-4.55182],[39.40393,-4.54761],[39.40692,-4.5459],[39.40973,-4.54773],[39.41248,-4.5351],[39.41687,-4.53131],[39.4267,-4.53308],[39.42151,-4.51752],[39.42767,-4.51117],[39.43652,-4.51709],[39.43988,-4.5116],[39.44312,-4.5033],[39.45709,-4.51758],[39.45831,-4.52832],[39.46228,-4.53027],[39.47632,-4.48621],[39.49072,-4.47021],[39.4967,-4.46588],[39.49573,-4.45111],[39.4939,-4.43939],[39.48889,-4.4389],[39.49731,-4.43982],[39.50787,-4.43561],[39.50873,-4.41541],[39.50568,-4.42047],[39.50769,-4.40698],[39.50568,-4.40808],[39.50549,-4.40472],[39.50653,-4.401],[39.51147,-4.39838],[39.5191,-4.39838],[39.5235,-4.40509],[39.52649,-4.4043],[39.53387,-4.4101],[39.53473,-4.41498],[39.53229,-4.43512],[39.53748,-4.43591],[39.5415,-4.42218],[39.54651,-4.39911],[39.55933,-4.36078],[39.5683,-4.33582],[39.59668,-4.26978],[39.59613,-4.2569],[39.58289,-4.25598],[39.59668,-4.2558],[39.60248,-4.23511],[39.6131,-4.20142],[39.62891,-4.17908],[39.62531,-4.1449],[39.63153,-4.12848],[39.6377,-4.12061],[39.62811,-4.1145],[39.61292,-4.09412],[39.60809,-4.08911],[39.60449,-4.0957],[39.59772,-4.10962],[39.59088,-4.11627],[39.57672,-4.11951],[39.58228,-4.11188],[39.58368,-4.0932],[39.57672,-4.03729],[39.56348,-4.01459],[39.57013,-4.00317],[39.5675,-3.99298],[39.56732,-3.99292],[39.55389,-3.98322],[39.54272,-3.99139],[39.54547,-3.97742],[39.52533,-3.94598],[39.52789,-3.92981],[39.51752,-3.92072],[39.51569,-3.9104],[39.50708,-3.90381],[39.49432,-3.88428],[39.48352,-3.88019],[39.45367,-3.85413],[39.43048,-3.82928],[39.41412,-3.81891],[39.40167,-3.8194],[39.3913,-3.81689],[39.37891,-3.79462],[39.37848,-3.7854],[39.38788,-3.77472],[39.38391,-3.76648],[39.39252,-3.75439],[39.37268,-3.7395],[39.35571,-3.71509],[39.35327,-3.70648],[39.34711,-3.69647],[39.35211,-3.6936],[39.35211,-3.67169],[39.35291,-3.6452],[39.34253,-3.63568],[39.34711,-3.60022],[39.33868,-3.5907],[39.31848,-3.5708],[39.31488,-3.56299],[39.09229,-3.56708]]],[[[39.45349,-4.55878],[39.46008,-4.55261],[39.45288,-4.5321],[39.44849,-4.53802],[39.44489,-4.55371],[39.44531,-4.55859],[39.43231,-4.55157],[39.43109,-4.55957],[39.42651,-4.55811],[39.43231,-4.56348],[39.43591,-4.57288],[39.43372,-4.5683],[39.43628,-4.58789],[39.44568,-4.57922],[39.45331,-4.5744],[39.45392,-4.56262],[39.45349,-4.55878]]],[[[39.36469,-4.65503],[39.36432,-4.65973],[39.36029,-4.66357],[39.38129,-4.66479],[39.39209,-4.66748],[39.39948,-4.6709],[39.40393,-4.66681],[39.39288,-4.65869],[39.37708,-4.6554],[39.36469,-4.65503]]],[[[39.30969,-4.5744],[39.30908,-4.57178],[39.30768,-4.57159],[39.29871,-4.5752],[39.30249,-4.59009],[39.3103,-4.58002],[39.31128,-4.57501],[39.30969,-4.5744]]],[[[39.22992,-4.64783],[39.22729,-4.64038],[39.22308,-4.64252],[39.22272,-4.64551],[39.22571,-4.64807],[39.22992,-4.64783]]],[[[39.24609,-4.62097],[39.24689,-4.61713],[39.24213,-4.6123],[39.24091,-4.61401],[39.24268,-4.61621],[39.24231,-4.61877],[39.24487,-4.62152],[39.24609,-4.62097]]],[[[39.25128,-4.61609],[39.2583,-4.61212],[39.25732,-4.6095],[39.25488,-4.60938],[39.24933,-4.6142],[39.25128,-4.61609]]],[[[39.29028,-4.59528],[39.28967,-4.58972],[39.28668,-4.59003],[39.29211,-4.59998],[39.29028,-4.59528]]],[[[39.40991,-4.57629],[39.40973,-4.57361],[39.40472,-4.57642],[39.40192,-4.57538],[39.40051,-4.57672],[39.40692,-4.57758],[39.40991,-4.57629]]],[[[39.23828,-4.62848],[39.2403,-4.62469],[39.23907,-4.62238],[39.23767,-4.62311],[39.23669,-4.6275],[39.23828,-4.62848]]],[[[39.53333,-4.44421],[39.53589,-4.43921],[39.53192,-4.44098],[39.53168,-4.4436],[39.53333,-4.44421]]],[[[39.23291,-4.63788],[39.23389,-4.63611],[39.23132,-4.6347],[39.22913,-4.63849],[39.23291,-4.63788]]],[[[39.21832,-4.64459],[39.22113,-4.64331],[39.21729,-4.64148],[39.21631,-4.64423],[39.21832,-4.64459]]],[[[39.23108,-4.65143],[39.23413,-4.64838],[39.23248,-4.6463],[39.2301,-4.65039],[39.23108,-4.65143]]],[[[39.26532,-4.61139],[39.25873,-4.60858],[39.26007,-4.61029],[39.26532,-4.61139]]],[[[39.40649,-4.70221],[39.40747,-4.69958],[39.40369,-4.70068],[39.40649,-4.70221]]],[[[39.41528,-4.57031],[39.41553,-4.5675],[39.4137,-4.56848],[39.41528,-4.57031]]],[[[39.40149,-4.57422],[39.40009,-4.57269],[39.39752,-4.57269],[39.40149,-4.57422]]],[[[39.39911,-4.68488],[39.39728,-4.68298],[39.39587,-4.68359],[39.39911,-4.68488]]],[[[39.40167,-4.68481],[39.4021,-4.68329],[39.3999,-4.68359],[39.40167,-4.68481]]]]}},{"type":"Feature","properties":{"code":"001","name":"Mombasa","sourceName":"Mombasa","shapeID":"32016919B10079274489584","level":"county","source":"geoBoundaries gbOpen KEN ADM1 (RCMRD GeoPortal)","license":"geoBoundaries gbOpen — underlying source Public Domain; cite geoBoundaries (CC BY 4.0 citation requested)","classification":"official","approximate":false},"geometry":{"type":"MultiPolygon","coordinates":[[[[39.64771,-3.95068],[39.65613,-3.95563],[39.6579,-3.95313],[39.65851,-3.94458],[39.65973,-3.95502],[39.66272,-3.96112],[39.66028,-3.97162],[39.66333,-3.97742],[39.66467,-3.97443],[39.66669,-3.9801],[39.6723,-3.987],[39.66888,-3.9895],[39.66669,-3.99463],[39.67108,-4.00513],[39.66052,-4.01178],[39.66052,-4.01941],[39.66888,-4.02039],[39.67151,-4.01532],[39.67291,-4.01563],[39.66888,-4.02319],[39.67493,-4.02948],[39.67609,-4.0365],[39.68011,-4.04199],[39.68488,-4.06012],[39.69788,-4.0592],[39.72229,-4.02429],[39.73029,-4.01599],[39.72607,-4.0141],[39.72852,-3.99841],[39.74829,-3.9743],[39.76392,-3.95782],[39.75208,-3.95599],[39.73633,-3.94812],[39.72449,-3.95239],[39.71472,-3.95111],[39.70752,-3.95392],[39.7063,-3.95587],[39.70648,-3.95361],[39.70313,-3.95062],[39.69873,-3.95398],[39.69769,-3.95209],[39.68652,-3.94989],[39.68689,-3.9436],[39.69092,-3.94348],[39.69611,-3.94562],[39.70129,-3.9472],[39.70532,-3.9469],[39.70471,-3.94348],[39.69647,-3.94],[39.69531,-3.93121],[39.69128,-3.93079],[39.69647,-3.92572],[39.69232,-3.92181],[39.68408,-3.92249],[39.64191,-3.9231],[39.64612,-3.93378],[39.64868,-3.93329],[39.6499,-3.93689],[39.64948,-3.94171],[39.64673,-3.94739],[39.64771,-3.95068]]],[[[39.56738,-3.99278],[39.56787,-4.00079],[39.56671,-4.0108],[39.5683,-4.01978],[39.57312,-4.02362],[39.58771,-4.02399],[39.5827,-4.04132],[39.58533,-4.04181],[39.61292,-4.04053],[39.62109,-4.04279],[39.63788,-4.04102],[39.63452,-4.03558],[39.64789,-4.03198],[39.6441,-4.0282],[39.64209,-4.02588],[39.6391,-4.02051],[39.63568,-4.01202],[39.62769,-3.98761],[39.62292,-3.99591],[39.6239,-3.99292],[39.62012,-3.98969],[39.61609,-3.99011],[39.61151,-3.98718],[39.61151,-3.98071],[39.60272,-3.98419],[39.60071,-3.9812],[39.60773,-3.9754],[39.60712,-3.96417],[39.60529,-3.95251],[39.59808,-3.94733],[39.5863,-3.9599],[39.57013,-3.97223],[39.56769,-3.97571],[39.57391,-3.98541],[39.56738,-3.99278]]],[[[39.62531,-4.1449],[39.65051,-4.13843],[39.6709,-4.09802],[39.67352,-4.08051],[39.65253,-4.07233],[39.64728,-4.07971],[39.64648,-4.07617],[39.64172,-4.06732],[39.63867,-4.0553],[39.63647,-4.04932],[39.63733,-4.05487],[39.62848,-4.06183],[39.62109,-4.05829],[39.61871,-4.05981],[39.62189,-4.07068],[39.62091,-4.06628],[39.61749,-4.06311],[39.60852,-4.06592],[39.60773,-4.06189],[39.60291,-4.06281],[39.59808,-4.06329],[39.59192,-4.06348],[39.5979,-4.065],[39.59747,-4.07037],[39.59473,-4.06787],[39.59149,-4.07013],[39.58649,-4.07532],[39.58612,-4.08398],[39.58771,-4.09259],[39.59308,-4.10529],[39.5863,-4.11688],[39.59509,-4.11499],[39.59528,-4.10168],[39.60309,-4.09027],[39.60992,-4.0932],[39.61188,-4.09607],[39.63129,-4.12018],[39.63672,-4.12622],[39.63092,-4.13721],[39.62531,-4.1449]]],[[[39.66412,-4.02869],[39.65167,-4.03271],[39.64508,-4.03778],[39.64008,-4.03888],[39.64569,-4.04938],[39.65228,-4.0614],[39.65668,-4.06451],[39.66107,-4.07031],[39.66333,-4.06909],[39.66553,-4.0766],[39.67169,-4.07672],[39.68048,-4.07019],[39.67932,-4.05823],[39.6759,-4.04388],[39.67047,-4.04388],[39.66913,-4.03729],[39.67407,-4.03638],[39.66931,-4.03381],[39.66412,-4.02869]]],[[[39.62311,-3.95959],[39.6145,-3.96637],[39.62189,-3.97369],[39.63049,-3.97919],[39.63428,-3.97009],[39.63989,-3.97107],[39.64288,-3.97308],[39.6521,-3.97803],[39.65369,-3.98639],[39.6601,-3.9845],[39.65729,-3.98071],[39.65149,-3.96649],[39.65472,-3.96021],[39.64673,-3.95898],[39.64069,-3.95569],[39.62311,-3.95959]]],[[[39.57849,-4.1192],[39.58429,-4.1178],[39.5813,-4.11578],[39.58051,-4.11798],[39.57953,-4.11841],[39.5777,-4.1181],[39.57672,-4.11951],[39.57849,-4.1192]]],[[[39.66608,-3.99268],[39.66748,-3.99042],[39.66669,-3.9884],[39.66412,-3.99048],[39.66608,-3.99268]]],[[[39.61432,-3.961],[39.6145,-3.95941],[39.61151,-3.96002],[39.61432,-3.961]]]]}}]}